ticker,company_name,board,aliases
AADI,PT Adaro Andalan Indonesia Tbk,MAIN,ADARO ANDALAN INDONESIA|ADARO ANDALAN
AALI,Astra Agro Lestari Tbk,MAIN,ASTRA AGRO LESTARI|ASTRA AGRO
ABBA,Mahaka Media Tbk,WATCHLIST,MAHAKA MEDIA
ABDA,PT Asuransi Bina Dana Arta Tbk,DEVELOPMENT,ASURANSI BINA DANA ARTA|BINA DANA ARTA
ABMM,ABM Investama Tbk,MAIN,ABM INVESTAMA
ACES,PT Aspirasi Hidup Indonesia Tbk,MAIN,ASPIRASI HIDUP INDONESIA|ASPIRASI HIDUP
ACRO,PT Samcro Hyosung Adilestari Tbk.,DEVELOPMENT,SAMCRO HYOSUNG ADILESTARI|SAMCRO HYOSUNG
ACST,PT Acset Indonusa Tbk.,WATCHLIST,ACSET INDONUSA
ADCP,PT Adhi Commuter Properti Tbk,DEVELOPMENT,ADHI COMMUTER PROPERTI|ADHI COMMUTER
ADES,Akasha Wira International Tbk  Tbk,MAIN,AKASHA WIRA INTERNATIONAL|AKASHA WIRA
ADHI,PT Adhi Karya (Persero) Tbk.,MAIN,ADHI KARYA
ADMF,Adira Dinamika Multi Finance Tbk,DEVELOPMENT,ADIRA DINAMIKA MULTI FINANCE|ADIRA DINAMIKA
ADMG,Polychem Indonesia Tbk,DEVELOPMENT,POLYCHEM INDONESIA
ADMR,PT Alamtri Minerals Indonesia Tbk,MAIN,ALAMTRI MINERALS INDONESIA|ALAMTRI MINERALS
ADRO,Alamtri Resources Indonesia Tbk,MAIN,ALAMTRI RESOURCES INDONESIA|ALAMTRI RESOURCES
AEGS,PT Anugerah Spareparts Sejahtera Tbk.,ACCELERATION,ANUGERAH SPAREPARTS SEJAHTERA|ANUGERAH SPAREPARTS
AGAR,PT Asia Sejahtera Mina Tbk,DEVELOPMENT,ASIA SEJAHTERA MINA|SEJAHTERA MINA
AGII,PT Samator Indo Gas Tbk,DEVELOPMENT,SAMATOR INDO GAS|SAMATOR INDO
AGRO,PT Bank Raya Indonesia Tbk,MAIN,
AGRS,PT Bank IBK Indonesia Tbk.,DEVELOPMENT,BANK IBK INDONESIA|IBK INDONESIA
AHAP,Asuransi Harta Aman Pratama Tbk,DEVELOPMENT,ASURANSI HARTA AMAN PRATAMA|HARTA AMAN PRATAMA
AIMS,PT Artha Mahiya Investama Tbk,DEVELOPMENT,ARTHA MAHIYA INVESTAMA|ARTHA MAHIYA
AISA,PT FKS Food Sejahtera Tbk,MAIN,FKS FOOD SEJAHTERA|FKS FOOD
AKKU,PT Anugerah Kagum Karya Utama Tbk,WATCHLIST,ANUGERAH KAGUM KARYA UTAMA|ANUGERAH KAGUM
AKPI,Argha Karya Prima Ind. Tbk,DEVELOPMENT,ARGHA KARYA PRIMA IND|ARGHA KARYA
AKRA,PT AKR Corporindo Tbk.,MAIN,AKR CORPORINDO
AKSI,PT Mineral Sumberdaya Mandiri Tbk,DEVELOPMENT,MINERAL SUMBERDAYA MANDIRI|MINERAL SUMBERDAYA
ALDO,Alkindo Naratama Tbk,MAIN,ALKINDO NARATAMA
ALII,PT Ancara Logistics Indonesia Tbk,MAIN,ANCARA LOGISTICS INDONESIA|ANCARA LOGISTICS
ALKA,Alakasa Industrindo Tbk,DEVELOPMENT,ALAKASA INDUSTRINDO
ALMI,Alumindo Light Metal Industry Tbk,WATCHLIST,ALUMINDO LIGHT METAL INDUSTRY|ALUMINDO LIGHT
ALTO,Tri Banyan Tirta Tbk,WATCHLIST,TRI BANYAN TIRTA|TRI BANYAN
AMAG,Asuransi Multi Artha Guna Tbk,MAIN,ASURANSI MULTI ARTHA GUNA|MULTI ARTHA GUNA
AMAN,PT Makmur Berkah Amanda Tbk.,DEVELOPMENT,MAKMUR BERKAH AMANDA|BERKAH AMANDA|MAKMUR BERKAH
AMAR,PT Bank Amar Indonesia Tbk.,MAIN,BANK AMAR INDONESIA|AMAR INDONESIA
AMFG,Asahimas Flat Glass Tbk,DEVELOPMENT,ASAHIMAS FLAT GLASS|ASAHIMAS FLAT
AMIN,PT Ateliers Mecaniques D Indonesie Tbk.,DEVELOPMENT,ATELIERS MECANIQUES D INDONESIE|ATELIERS MECANIQUES
AMMN,PT Amman Mineral Internasional Tbk.,MAIN,AMMAN MINERAL INTERNASIONAL|AMMAN MINERAL
AMMS,PT Agung Menjangan Mas Tbk,ACCELERATION,AGUNG MENJANGAN MAS|AGUNG MENJANGAN|MENJANGAN MAS
AMOR,PT Ashmore Asset Management Indonesia Tbk.,DEVELOPMENT,ASHMORE ASSET MANAGEMENT INDONESIA|ASHMORE ASSET
AMRT,PT Sumber Alfaria Trijaya Tbk.,MAIN,SUMBER ALFARIA TRIJAYA|ALFARIA TRIJAYA|SUMBER ALFARIA
ANDI,PT Andira Agro Tbk,WATCHLIST,ANDIRA AGRO
ANJT,PT Austindo Nusantara Jaya Tbk.,DEVELOPMENT,AUSTINDO NUSANTARA JAYA|AUSTINDO NUSANTARA
ANTM,ANTAM (Persero) Tbk,MAIN,ANTAM
APEX,Apexindo Pratama Duta Tbk,DEVELOPMENT,APEXINDO PRATAMA DUTA|APEXINDO PRATAMA
APIC,PACIFIC STRATEGIC FINANCIAL Tbk,DEVELOPMENT,PACIFIC STRATEGIC FINANCIAL|STRATEGIC FINANCIAL|PACIFIC STRATEGIC
APII,PT Arita Prima Indonesia Tbk.,DEVELOPMENT,ARITA PRIMA INDONESIA|ARITA PRIMA
APLI,Asiaplast Industries Tbk,DEVELOPMENT,ASIAPLAST INDUSTRIES
APLN,PT Agung Podomoro Land Tbk.,MAIN,AGUNG PODOMORO LAND|AGUNG PODOMORO|PODOMORO LAND
ARCI,PT Archi Indonesia Tbk,DEVELOPMENT,ARCHI INDONESIA
AREA,PT Dunia Virtual Online Tbk,DEVELOPMENT,DUNIA VIRTUAL ONLINE|DUNIA VIRTUAL
ARGO,Argo Pantes Tbk,DEVELOPMENT,ARGO PANTES
ARII,Atlas Resources Tbk,DEVELOPMENT,ATLAS RESOURCES
ARKA,PT Arkha Jayanti Persada Tbk.,WATCHLIST,ARKHA JAYANTI PERSADA|ARKHA JAYANTI
ARKO,PT Arkora Hydro Tbk.,DEVELOPMENT,ARKORA HYDRO
ARMY,PT Armidian Karyatama Tbk,WATCHLIST,ARMIDIAN KARYATAMA
ARNA,Arwana Citramulia Tbk,MAIN,ARWANA CITRAMULIA
ARTA,Arthavest Tbk,DEVELOPMENT,ARTHAVEST
ARTI,Ratu Prabu Energi Tbk,WATCHLIST,RATU PRABU ENERGI|RATU PRABU
ARTO,PT Bank Jago Tbk.,MAIN,BANK JAGO
ASBI,Asuransi Bintang Tbk,DEVELOPMENT,
ASDM,Asuransi Dayin Mitra Tbk,DEVELOPMENT,ASURANSI DAYIN MITRA|DAYIN MITRA
ASGR,Astra Graphia Tbk,MAIN,ASTRA GRAPHIA
ASHA,PT Cilacap Samudera Fishing Industry Tbk,DEVELOPMENT,CILACAP SAMUDERA FISHING INDUSTRY|CILACAP SAMUDERA
ASII,Astra International Tbk,MAIN,ASTRA INTERNATIONAL
ASJT,Asuransi Jasa Tania Tbk,DEVELOPMENT,ASURANSI JASA TANIA|JASA TANIA
ASLC,PT Autopedia Sukses Lestari Tbk,DEVELOPMENT,AUTOPEDIA SUKSES LESTARI|AUTOPEDIA SUKSES
ASLI,PT Asri Karya Lestari Tbk.,DEVELOPMENT,ASRI KARYA LESTARI|ASRI KARYA
ASMI,PT Asuransi Maximus Graha Persada Tbk.,WATCHLIST,ASURANSI MAXIMUS GRAHA PERSADA|MAXIMUS GRAHA PERSADA
ASPI,PT Andalan Sakti Primaindo Tbk.,DEVELOPMENT,ANDALAN SAKTI PRIMAINDO|ANDALAN SAKTI
ASPR,PT Asia Pramulia Tbk,DEVELOPMENT,ASIA PRAMULIA
ASRI,ALAM SUTERA REALTY Tbk,MAIN,ALAM SUTERA REALTY|ALAM SUTERA
ASRM,Asuransi Ramayana Tbk,DEVELOPMENT,ASURANSI RAMAYANA
ASSA,Adi Sarana Armada Tbk,MAIN,ADI SARANA ARMADA|ADI SARANA
ATAP,PT Trimitra Prawara Goldland Tbk,DEVELOPMENT,TRIMITRA PRAWARA GOLDLAND|TRIMITRA PRAWARA
ATIC,PT Anabatic Technologies Tbk,DEVELOPMENT,ANABATIC TECHNOLOGIES
ATLA,PT Atlantis Subsea Indonesia Tbk,DEVELOPMENT,ATLANTIS SUBSEA INDONESIA|ATLANTIS SUBSEA
AUTO,Astra Otoparts Tbk,MAIN,ASTRA OTOPARTS
AVIA,PT Avia Avian Tbk,MAIN,AVIA AVIAN
AWAN,PT Era Digital Media Tbk,DEVELOPMENT,ERA DIGITAL MEDIA|ERA DIGITAL
AXIO,PT Tera Data Indonusa Tbk,DEVELOPMENT,TERA DATA INDONUSA|TERA DATA
AYAM,PT Janu Putra Sejahtera Tbk.,DEVELOPMENT,JANU PUTRA SEJAHTERA|JANU PUTRA
AYLS,PT Arkayana Lestari Grup Tbk,DEVELOPMENT,ARKAYANA LESTARI GRUP|ARKAYANA LESTARI
BABP,PT Bank MNC Internasional Tbk.,DEVELOPMENT,
BABY,PT Multitrend Indo Tbk.,DEVELOPMENT,MULTITREND INDO
BACA,PT Bank Capital Indonesia Tbk,MAIN,BANK CAPITAL INDONESIA|CAPITAL INDONESIA
BAIK,PT Bersama Mencapai Puncak Tbk.,DEVELOPMENT,BERSAMA MENCAPAI PUNCAK|BERSAMA MENCAPAI|MENCAPAI PUNCAK
BAJA,Saranacentral Bajatama Tbk,DEVELOPMENT,SARANACENTRAL BAJATAMA
BALI,PT Bali Towerindo Sentra Tbk.,MAIN,BALI TOWERINDO SENTRA|BALI TOWERINDO
BANK,PT Bank Aladin Syariah Tbk,DEVELOPMENT,BANK ALADIN SYARIAH|ALADIN SYARIAH
BAPA,Bekasi Asri Pemula Tbk,WATCHLIST,BEKASI ASRI PEMULA|BEKASI ASRI
BAPI,PT Bhakti Agung Propertindo Tbk.,WATCHLIST,BHAKTI AGUNG PROPERTINDO|BHAKTI AGUNG
BATA,Sepatu Bata Tbk,WATCHLIST,SEPATU BATA
BATR,PT Benteng Api Technic Tbk,DEVELOPMENT,BENTENG API TECHNIC|BENTENG API
BAUT,PT Mitra Angkasa Sejahtera Tbk,WATCHLIST,MITRA ANGKASA SEJAHTERA|ANGKASA SEJAHTERA|MITRA ANGKASA
BAYU,Bayu Buana Tbk,MAIN,BAYU BUANA
BBCA,PT Bank Central Asia Tbk.,MAIN,BANK CENTRAL ASIA|CENTRAL ASIA
BBHI,PT Allo Bank Indonesia Tbk,MAIN,ALLO BANK INDONESIA|ALLO BANK
BBKP,PT Bank KB Indonesia Tbk,DEVELOPMENT,BANK KB INDONESIA
BBLD,Buana Finance Tbk,DEVELOPMENT,
BBMD,PT Bank Mestika Dharma Tbk.,MAIN,BANK MESTIKA DHARMA|MESTIKA DHARMA
BBNI,PT Bank Negara Indonesia (Persero) Tbk,MAIN,BANK NEGARA INDONESIA|NEGARA INDONESIA
BBRI,PT Bank Rakyat Indonesia (Persero) Tbk,MAIN,BANK RAKYAT INDONESIA|RAKYAT INDONESIA
BBRM,Pelayaran Nasional Bina Buana Raya Tbk,DEVELOPMENT,PELAYARAN NASIONAL BINA BUANA RAYA
BBSI,PT Krom Bank Indonesia Tbk,MAIN,KROM BANK INDONESIA|KROM BANK
BBSS,PT Bumi Benowo Sukses Sejahtera Tbk,DEVELOPMENT,BUMI BENOWO SUKSES SEJAHTERA|BENOWO SUKSES SEJAHTERA|BUMI BENOWO
BBTN,PT Bank Tabungan Negara (Persero) Tbk,MAIN,BANK TABUNGAN NEGARA|TABUNGAN NEGARA
BBYB,PT Bank Neo Commerce Tbk.,MAIN,BANK NEO COMMERCE|NEO COMMERCE
BCAP,MNC Kapital Indonesia Tbk,MAIN,MNC KAPITAL INDONESIA|KAPITAL INDONESIA|MNC KAPITAL
BCIC,PT Bank JTrust Indonesia Tbk.,DEVELOPMENT,BANK JTRUST INDONESIA|JTRUST INDONESIA
BCIP,Bumi Citra Permai Tbk,DEVELOPMENT,BUMI CITRA PERMAI|CITRA PERMAI
BDKR,PT Berdikari Pondasi Perkasa Tbk.,MAIN,BERDIKARI PONDASI PERKASA|BERDIKARI PONDASI
BDMN,PT Bank Danamon Indonesia Tbk,MAIN,BANK DANAMON INDONESIA|DANAMON INDONESIA
BEBS,PT Berkah Beton Sadaya Tbk,WATCHLIST,BERKAH BETON SADAYA|BERKAH BETON
BEEF,PT Estika Tata Tiara Tbk.,DEVELOPMENT,ESTIKA TATA TIARA|ESTIKA TATA
BEER,PT Jobubu Jarum Minahasa Tbk,DEVELOPMENT,JOBUBU JARUM MINAHASA|JOBUBU JARUM
BEKS,PT Bank Pembangunan Daerah Banten Tbk.,WATCHLIST,BANK PEMBANGUNAN DAERAH BANTEN|PEMBANGUNAN DAERAH BANTEN
BELI,PT Global Digital Niaga Tbk,DEVELOPMENT,GLOBAL DIGITAL NIAGA|DIGITAL NIAGA
BELL,PT Trisula Textile Industries Tbk,DEVELOPMENT,TRISULA TEXTILE INDUSTRIES|TRISULA TEXTILE
BESS,PT Batulicin Nusantara Maritim Tbk.,DEVELOPMENT,BATULICIN NUSANTARA MARITIM|BATULICIN NUSANTARA
BEST,Bekasi Fajar Industrial Estate Tbk,MAIN,BEKASI FAJAR INDUSTRIAL ESTATE|BEKASI FAJAR
BFIN,BFI Finance Indonesia Tbk,MAIN,BFI FINANCE INDONESIA|BFI FINANCE
BGTG,PT Bank Ganesha Tbk.,MAIN,BANK GANESHA
BHAT,PT Bhakti Multi Artha Tbk.,DEVELOPMENT,BHAKTI MULTI ARTHA|BHAKTI MULTI
BHIT,PT MNC Asia Holding Tbk,WATCHLIST,MNC ASIA HOLDING|ASIA HOLDING
BIKA,PT Binakarya Jaya Abadi Tbk.,WATCHLIST,BINAKARYA JAYA ABADI|BINAKARYA JAYA
BIKE,PT Sepeda Bersama Indonesia Tbk,DEVELOPMENT,SEPEDA BERSAMA INDONESIA|SEPEDA BERSAMA
BIMA,Primarindo Asia Infrastructure Tbk,WATCHLIST,PRIMARINDO ASIA INFRASTRUCTURE|PRIMARINDO ASIA
BINA,PT Bank Ina Perdana Tbk.,MAIN,BANK INA PERDANA|INA PERDANA
BINO,PT Perma Plasindo Tbk,DEVELOPMENT,PERMA PLASINDO
BIPI,PT Astrindo Nusantara Infrastruktur Tbk.,DEVELOPMENT,ASTRINDO NUSANTARA INFRASTRUKTUR|ASTRINDO NUSANTARA
BIPP,Bhuwanatala Indah Permai Tbk,DEVELOPMENT,BHUWANATALA INDAH PERMAI|BHUWANATALA INDAH
BIRD,PT Blue Bird Tbk,MAIN,BLUE BIRD
BISI,BISI INTERNATIONAL Tbk,MAIN,BISI INTERNATIONAL
BJBR,Bank Pembangunan Daerah Jawa Barat dan Banten Tbk,MAIN,BANK PEMBANGUNAN DAERAH JAWA BARAT DAN BANTEN|PEMBANGUNAN DAERAH JAWA BARAT DAN BANTEN
BJTM,Bank Pembangunan Daerah Jawa Timur Tbk,MAIN,BANK PEMBANGUNAN DAERAH JAWA TIMUR|PEMBANGUNAN DAERAH JAWA TIMUR
BKDP,Bukit Darmo Property Tbk,WATCHLIST,BUKIT DARMO PROPERTY|BUKIT DARMO
BKSL,Sentul City Tbk,MAIN,SENTUL CITY
BKSW,PT Bank QNB Indonesia Tbk,DEVELOPMENT,BANK QNB INDONESIA|QNB INDONESIA
BLES,PT Superior Prima Sukses Tbk,DEVELOPMENT,SUPERIOR PRIMA SUKSES|SUPERIOR PRIMA
BLOG,PT Trimitra Trans Persada Tbk,MAIN,TRIMITRA TRANS PERSADA|TRIMITRA TRANS
BLTA,Berlian Laju Tanker Tbk,WATCHLIST,BERLIAN LAJU TANKER|BERLIAN LAJU
BLTZ,PT Graha Layar Prima Tbk.,WATCHLIST,GRAHA LAYAR PRIMA|GRAHA LAYAR
BLUE,PT Berkah Prima Perkasa Tbk,DEVELOPMENT,BERKAH PRIMA PERKASA|BERKAH PRIMA
BMAS,PT Bank Maspion Indonesia Tbk.,DEVELOPMENT,BANK MASPION INDONESIA|MASPION INDONESIA
BMBL,PT Lavender Bina Cendikia Tbk,ACCELERATION,LAVENDER BINA CENDIKIA|LAVENDER BINA
BMHS,PT Bundamedik Tbk,MAIN,BUNDAMEDIK
BMRI,PT Bank Mandiri (Persero) Tbk,MAIN,
BMSR,Bintang Mitra Semestaraya Tbk,DEVELOPMENT,BINTANG MITRA SEMESTARAYA|MITRA SEMESTARAYA
BMTR,PT Global Mediacom Tbk,MAIN,GLOBAL MEDIACOM
BNBA,Bank Bumi Arta Tbk,DEVELOPMENT,BANK BUMI ARTA|BUMI ARTA
BNBR,Bakrie & Brothers Tbk,DEVELOPMENT,BAKRIE BROTHERS
BNGA,PT Bank CIMB Niaga Tbk,MAIN,BANK CIMB NIAGA|CIMB NIAGA
BNII,PT Bank Maybank Indonesia Tbk,MAIN,BANK MAYBANK INDONESIA|MAYBANK INDONESIA
BNLI,Bank Permata Tbk,MAIN,BANK PERMATA
BOAT,PT Newport Marine Services Tbk,DEVELOPMENT,NEWPORT MARINE SERVICES|NEWPORT MARINE
BOBA,PT Formosa Ingredient Factory Tbk,DEVELOPMENT,FORMOSA INGREDIENT FACTORY|FORMOSA INGREDIENT
BOGA,PT Apollo Global Interactive Tbk,DEVELOPMENT,APOLLO GLOBAL INTERACTIVE|APOLLO GLOBAL
BOLA,PT Bali Bintang Sejahtera Tbk.,MAIN,BALI BINTANG SEJAHTERA|BALI BINTANG
BOLT,PT Garuda Metalindo Tbk.,DEVELOPMENT,GARUDA METALINDO
BOSS,PT Borneo Olah Sarana Sukses Tbk.,WATCHLIST,BORNEO OLAH SARANA SUKSES|BORNEO OLAH
BPFI,PT Woori Finance Indonesia Tbk,DEVELOPMENT,WOORI FINANCE INDONESIA|WOORI FINANCE
BPII,PT Batavia Prosperindo Internasional Tbk.,DEVELOPMENT,BATAVIA PROSPERINDO INTERNASIONAL
BPTR,PT Batavia Prosperindo Trans Tbk.,DEVELOPMENT,BATAVIA PROSPERINDO TRANS
BRAM,Indo Kordsa Tbk,DEVELOPMENT,INDO KORDSA
BREN,PT Barito Renewables Energy Tbk.,MAIN,BARITO RENEWABLES ENERGY|BARITO RENEWABLES
BRIS,PT Bank Syariah Indonesia (Persero) Tbk,MAIN,BANK SYARIAH INDONESIA|SYARIAH INDONESIA
BRMS,Bumi Resources Minerals Tbk,MAIN,BUMI RESOURCES MINERALS|RESOURCES MINERALS
BRNA,Berlina Tbk,DEVELOPMENT,BERLINA
BRPT,Barito Pacific Tbk,MAIN,BARITO PACIFIC
BRRC,PT Raja Roti Cemerlang Tbk,DEVELOPMENT,RAJA ROTI CEMERLANG|RAJA ROTI
BSBK,PT Wulandari Bangun Laksana Tbk,DEVELOPMENT,WULANDARI BANGUN LAKSANA|WULANDARI BANGUN
BSDE,PT Bumi Serpong Damai Tbk,MAIN,BUMI SERPONG DAMAI|SERPONG DAMAI|BUMI SERPONG
BSIM,Bank Sinarmas Tbk,MAIN,BANK SINARMAS
BSML,PT Bintang Samudera Mandiri Lines Tbk,DEVELOPMENT,BINTANG SAMUDERA MANDIRI LINES|SAMUDERA MANDIRI LINES|BINTANG SAMUDERA
BSSR,Baramulti Suksessarana Tbk,MAIN,BARAMULTI SUKSESSARANA
BSWD,Bank of India Indonesia Tbk,WATCHLIST,BANK OF INDIA INDONESIA
BTEK,Bumi Teknokultura Unggul Tbk,WATCHLIST,BUMI TEKNOKULTURA UNGGUL|TEKNOKULTURA UNGGUL|BUMI TEKNOKULTURA
BTEL,Bakrie Telecom Tbk,WATCHLIST,BAKRIE TELECOM
BTON,Betonjaya Manunggal Tbk,DEVELOPMENT,BETONJAYA MANUNGGAL
BTPN,PT Bank SMBC Indonesia Tbk,MAIN,BANK SMBC INDONESIA|SMBC INDONESIA
BTPS,PT Bank BTPN Syariah Tbk.,MAIN,BANK BTPN SYARIAH|BTPN SYARIAH
BUAH,PT Segar Kumala Indonesia Tbk,DEVELOPMENT,SEGAR KUMALA INDONESIA|SEGAR KUMALA
BUDI,PT Budi Starch & Sweetener Tbk.,MAIN,BUDI STARCH SWEETENER|BUDI STARCH
BUKA,PT Bukalapak.com Tbk,NEW_ECONOMY,BUKALAPAK COM
BUKK,Bukaka Teknik Utama Tbk,DEVELOPMENT,BUKAKA TEKNIK UTAMA|BUKAKA TEKNIK
BULL,PT Buana Lintas Lautan Tbk.,DEVELOPMENT,BUANA LINTAS LAUTAN|LINTAS LAUTAN|BUANA LINTAS
BUMI,Bumi Resources Tbk,MAIN,
BUVA,PT Bukit Uluwatu Villa Tbk,DEVELOPMENT,BUKIT ULUWATU VILLA|BUKIT ULUWATU
BVIC,Bank Victoria International Tbk,MAIN,BANK VICTORIA INTERNATIONAL|VICTORIA INTERNATIONAL
BWPT,Eagle High Plantations Tbk,MAIN,EAGLE HIGH PLANTATIONS|EAGLE HIGH
BYAN,Bayan Resources Tbk,MAIN,BAYAN RESOURCES
CAKK,PT Cahayaputra Asa Keramik Tbk.,DEVELOPMENT,CAHAYAPUTRA ASA KERAMIK|CAHAYAPUTRA ASA
CAMP,PT Campina Ice Cream Industry Tbk.,DEVELOPMENT,CAMPINA ICE CREAM INDUSTRY|CAMPINA ICE
CANI,PT Capitol Nusantara Indonesia Tbk.,WATCHLIST,CAPITOL NUSANTARA INDONESIA|CAPITOL NUSANTARA
CARE,PT Metro Healthcare Indonesia Tbk,DEVELOPMENT,METRO HEALTHCARE INDONESIA|METRO HEALTHCARE
CARS,PT Industri dan Perdagangan Bintraco Dharma Tbk,MAIN,INDUSTRI DAN PERDAGANGAN BINTRACO DHARMA
CASA,PT Capital Financial Indonesia Tbk,DEVELOPMENT,CAPITAL FINANCIAL INDONESIA|CAPITAL FINANCIAL
CASH,PT Cashlez Worldwide Indonesia Tbk.,ACCELERATION,CASHLEZ WORLDWIDE INDONESIA|CASHLEZ WORLDWIDE
CASS,Cahaya Aero Services Tbk,MAIN,CAHAYA AERO SERVICES|CAHAYA AERO
CBDK,PT Bangun Kosambi Sukses Tbk,MAIN,BANGUN KOSAMBI SUKSES|KOSAMBI SUKSES|BANGUN KOSAMBI
CBMF,PT Cahaya Bintang Medan Tbk,WATCHLIST,CAHAYA BINTANG MEDAN|CAHAYA BINTANG
CBPE,PT Citra Buana Prasida Tbk,DEVELOPMENT,CITRA BUANA PRASIDA|BUANA PRASIDA
CBRE,PT Cakra Buana Resources Energi Tbk,DEVELOPMENT,CAKRA BUANA RESOURCES ENERGI|CAKRA BUANA
CBUT,PT Citra Borneo Utama Tbk,MAIN,CITRA BORNEO UTAMA|BORNEO UTAMA|CITRA BORNEO
CCSI,PT Communication Cable Systems Indonesia Tbk.,DEVELOPMENT,COMMUNICATION CABLE SYSTEMS INDONESIA|COMMUNICATION CABLE
CDIA,PT Chandra Daya Investasi Tbk,DEVELOPMENT,CHANDRA DAYA INVESTASI|CHANDRA DAYA
CEKA,PT Wilmar Cahaya Indonesia Tbk.,DEVELOPMENT,WILMAR CAHAYA INDONESIA|WILMAR CAHAYA
CENT,PT Centratama Telekomunikasi Indonesia Tbk.,DEVELOPMENT,CENTRATAMA TELEKOMUNIKASI INDONESIA|CENTRATAMA TELEKOMUNIKASI
CFIN,Clipan Finance Indonesia Tbk,MAIN,CLIPAN FINANCE INDONESIA|CLIPAN FINANCE
CGAS,PT Citra Nusantara Gemilang Tbk.,DEVELOPMENT,CITRA NUSANTARA GEMILANG|NUSANTARA GEMILANG
CHEK,PT Diastika Biotekindo Tbk,DEVELOPMENT,DIASTIKA BIOTEKINDO
CHEM,PT Chemstar Indonesia Tbk,DEVELOPMENT,CHEMSTAR INDONESIA
CHIP,PT Pelita Teknologi Global Tbk,ACCELERATION,PELITA TEKNOLOGI GLOBAL|PELITA TEKNOLOGI
CINT,PT Chitose Internasional Tbk,DEVELOPMENT,CHITOSE INTERNASIONAL
CITA,Cita Mineral Investindo Tbk,MAIN,CITA MINERAL INVESTINDO|CITA MINERAL
CITY,PT Natura City Developments Tbk.,DEVELOPMENT,NATURA CITY DEVELOPMENTS|NATURA CITY
CLAY,PT Citra Putra Realty Tbk,DEVELOPMENT,CITRA PUTRA REALTY|PUTRA REALTY
CLEO,PT Sariguna Primatirta Tbk,MAIN,SARIGUNA PRIMATIRTA
CLPI,Colorpak Indonesia Tbk,DEVELOPMENT,COLORPAK INDONESIA
CMNP,Citra Marga Nusaphala Persada Tbk,MAIN,CITRA MARGA NUSAPHALA PERSADA|MARGA NUSAPHALA PERSADA|CITRA MARGA
CMNT,PT Cemindo Gemilang Tbk,DEVELOPMENT,CEMINDO GEMILANG
CMPP,PT AirAsia Indonesia Tbk,WATCHLIST,AIRASIA INDONESIA
CMRY,PT Cisarua Mountain Dairy Tbk,MAIN,CISARUA MOUNTAIN DAIRY|CISARUA MOUNTAIN
CNKO,Exploitasi Energi Indonesia Tbk,WATCHLIST,EXPLOITASI ENERGI INDONESIA|EXPLOITASI ENERGI
CNMA,PT Nusantara Sejahtera Raya Tbk,DEVELOPMENT,
CNTX,PT Century Textile Industry Tbk,WATCHLIST,CENTURY TEXTILE INDUSTRY|CENTURY TEXTILE
COAL,PT Black Diamond Resources Tbk,WATCHLIST,BLACK DIAMOND RESOURCES|BLACK DIAMOND
COCO,PT Wahana Interfood Nusantara Tbk.,DEVELOPMENT,WAHANA INTERFOOD NUSANTARA|WAHANA INTERFOOD
COIN,PT Indokripto Koin Semesta Tbk,DEVELOPMENT,INDOKRIPTO KOIN SEMESTA|INDOKRIPTO KOIN
COWL,COWELL DEVELOPMENT Tbk,WATCHLIST,COWELL DEVELOPMENT
CPIN,Charoen Pokphand Indonesia Tbk,MAIN,CHAROEN POKPHAND INDONESIA|CHAROEN POKPHAND
CPRI,PT Capri Nusa Satu Properti Tbk.,WATCHLIST,CAPRI NUSA SATU PROPERTI|CAPRI NUSA
CPRO,Central Proteina Prima Tbk,DEVELOPMENT,CENTRAL PROTEINA PRIMA|CENTRAL PROTEINA
CRAB,PT Toba Surimi Industries Tbk,DEVELOPMENT,TOBA SURIMI INDUSTRIES|TOBA SURIMI
CRSN,PT Carsurin Tbk,DEVELOPMENT,CARSURIN
CSAP,Catur Sentosa Adiprana Tbk,DEVELOPMENT,CATUR SENTOSA ADIPRANA|CATUR SENTOSA
CSIS,PT Cahayasakti Investindo Sukses Tbk,DEVELOPMENT,CAHAYASAKTI INVESTINDO SUKSES|CAHAYASAKTI INVESTINDO
CSMI,PT Cipta Selera Murni Tbk.,DEVELOPMENT,CIPTA SELERA MURNI|CIPTA SELERA
CSRA,PT Cisadane Sawit Raya Tbk.,DEVELOPMENT,CISADANE SAWIT RAYA|CISADANE SAWIT
CTBN,Citra Tubindo Tbk,DEVELOPMENT,CITRA TUBINDO
CTRA,Ciputra Development Tbk,MAIN,CIPUTRA DEVELOPMENT
CTTH,Citatah Tbk,DEVELOPMENT,CITATAH
CUAN,PT Petrindo Jaya Kreasi Tbk,MAIN,PETRINDO JAYA KREASI|PETRINDO JAYA
CYBR,PT ITSEC Asia Tbk.,DEVELOPMENT,ITSEC ASIA
DAAZ,PT Daaz Bara Lestari Tbk,MAIN,DAAZ BARA LESTARI|DAAZ BARA
DADA,PT Diamond Citra Propertindo Tbk.,DEVELOPMENT,DIAMOND CITRA PROPERTINDO|DIAMOND CITRA
DART,Duta Anggada Realty Tbk,DEVELOPMENT,DUTA ANGGADA REALTY|DUTA ANGGADA
DATA,PT Remala Abadi Tbk,DEVELOPMENT,REMALA ABADI
DAYA,PT Duta Intidaya Tbk.,DEVELOPMENT,DUTA INTIDAYA
DCII,PT DCI Indonesia Tbk,DEVELOPMENT,DCI INDONESIA
DEAL,PT Dewata Freightinternational Tbk.,WATCHLIST,DEWATA FREIGHTINTERNATIONAL
DEFI,Danasupra Erapacific Tbk,WATCHLIST,DANASUPRA ERAPACIFIC
DEPO,PT Caturkarda Depo Bangunan Tbk,DEVELOPMENT,CATURKARDA DEPO BANGUNAN|CATURKARDA DEPO
DEWA,Darma Henwa Tbk,MAIN,DARMA HENWA
DEWI,PT Dewi Shri Farmindo Tbk,DEVELOPMENT,DEWI SHRI FARMINDO|DEWI SHRI
DFAM,PT Dafam Property Indonesia Tbk,DEVELOPMENT,DAFAM PROPERTY INDONESIA|DAFAM PROPERTY
DGIK,Nusa Konstruksi Enjiniring  Tbk,DEVELOPMENT,NUSA KONSTRUKSI ENJINIRING|NUSA KONSTRUKSI
DGNS,PT Diagnos Laboratorium Utama Tbk,DEVELOPMENT,DIAGNOS LABORATORIUM UTAMA|DIAGNOS LABORATORIUM
DGWG,PT Delta Giri Wacana Tbk,MAIN,DELTA GIRI WACANA|DELTA GIRI
DIGI,PT Arkadia Digital Media Tbk,WATCHLIST,ARKADIA DIGITAL MEDIA|ARKADIA DIGITAL
DILD,Intiland Development Tbk,MAIN,INTILAND DEVELOPMENT
DIVA,PT Distribusi Voucher Nusantara Tbk,DEVELOPMENT,DISTRIBUSI VOUCHER NUSANTARA|DISTRIBUSI VOUCHER
DKFT,Central Omega Resources Tbk,MAIN,CENTRAL OMEGA RESOURCES|CENTRAL OMEGA
DKHH,PT Cipta Sarana Medika Tbk,DEVELOPMENT,CIPTA SARANA MEDIKA|CIPTA SARANA
DLTA,Delta Djakarta Tbk,MAIN,DELTA DJAKARTA
DMAS,PT Puradelta Lestari Tbk.,MAIN,PURADELTA LESTARI
DMMX,PT Digital Mediatama Maxima Tbk,DEVELOPMENT,DIGITAL MEDIATAMA MAXIMA|DIGITAL MEDIATAMA|MEDIATAMA MAXIMA
DMND,PT Diamond Food Indonesia Tbk.,MAIN,DIAMOND FOOD INDONESIA|DIAMOND FOOD
DNAR,PT Bank Oke Indonesia Tbk.,DEVELOPMENT,BANK OKE INDONESIA|OKE INDONESIA
DNET,PT Indoritel Makmur Internasional Tbk.,MAIN,INDORITEL MAKMUR INTERNASIONAL|INDORITEL MAKMUR
DOID,PT BUMA Internasional Grup Tbk,DEVELOPMENT,BUMA INTERNASIONAL GRUP|BUMA INTERNASIONAL
DOOH,PT Era Media Sejahtera Tbk,DEVELOPMENT,ERA MEDIA SEJAHTERA|ERA MEDIA
DOSS,PT Global Sukses Digital Tbk,DEVELOPMENT,
DPNS,Duta Pertiwi Nusantara Tbk,DEVELOPMENT,DUTA PERTIWI NUSANTARA
DPUM,PT Dua Putra Utama Makmur Tbk.,DEVELOPMENT,DUA PUTRA UTAMA MAKMUR|DUA PUTRA
DRMA,PT Dharma Polimetal Tbk,MAIN,DHARMA POLIMETAL
DSFI,Dharma Samudera Fishing Ind. Tbk,DEVELOPMENT,DHARMA SAMUDERA FISHING IND|DHARMA SAMUDERA
DSNG,PT Dharma Satya Nusantara Tbk.,MAIN,DHARMA SATYA NUSANTARA|DHARMA SATYA
DSSA,Dian Swastatika Sentosa Tbk,MAIN,DIAN SWASTATIKA SENTOSA|DIAN SWASTATIKA
DUCK,PT Jaya Bersama Indo Tbk.,WATCHLIST,
DUTI,Duta Pertiwi Tbk,WATCHLIST,
DVLA,Darya-Varia Laboratoria Tbk,DEVELOPMENT,DARYA VARIA LABORATORIA|DARYA VARIA
DWGL,PT Dwi Guna Laksana Tbk,DEVELOPMENT,DWI GUNA LAKSANA|DWI GUNA
DYAN,PT Dyandra Media International Tbk.,DEVELOPMENT,DYANDRA MEDIA INTERNATIONAL|DYANDRA MEDIA
EAST,PT Eastparc Hotel Tbk,DEVELOPMENT,EASTPARC HOTEL
ECII,PT Electronic City Indonesia Tbk.,DEVELOPMENT,ELECTRONIC CITY INDONESIA|ELECTRONIC CITY
EDGE,PT Indointernet Tbk.,DEVELOPMENT,INDOINTERNET
EKAD,Ekadharma International Tbk,DEVELOPMENT,EKADHARMA INTERNATIONAL
ELIT,PT Data Sinergitama Jaya Tbk,DEVELOPMENT,DATA SINERGITAMA JAYA|DATA SINERGITAMA
ELPI,PT Pelayaran Nasional Ekalya Purnamasari Tbk,MAIN,PELAYARAN NASIONAL EKALYA PURNAMASARI
ELSA,Elnusa Tbk,MAIN,ELNUSA
ELTY,Bakrieland Development Tbk,WATCHLIST,BAKRIELAND DEVELOPMENT
EMAS,PT Merdeka Gold Resources Tbk,DEVELOPMENT,MERDEKA GOLD RESOURCES|MERDEKA GOLD
EMDE,Megapolitan Developments Tbk,DEVELOPMENT,MEGAPOLITAN DEVELOPMENTS
EMTK,Elang Mahkota Teknologi Tbk,MAIN,ELANG MAHKOTA TEKNOLOGI|ELANG MAHKOTA
ENAK,PT Champ Resto Indonesia Tbk,DEVELOPMENT,CHAMP RESTO INDONESIA|CHAMP RESTO
ENRG,Energi Mega Persada Tbk,MAIN,
ENVY,PT Envy Technologies Indonesia Tbk,WATCHLIST,ENVY TECHNOLOGIES INDONESIA|ENVY TECHNOLOGIES
ENZO,PT Morenzo Abadi Perkasa Tbk,DEVELOPMENT,MORENZO ABADI PERKASA|MORENZO ABADI
EPAC,PT Megalestari Epack Sentosaraya Tbk.,DEVELOPMENT,MEGALESTARI EPACK SENTOSARAYA|MEGALESTARI EPACK
EPMT,Enseval Putera Megatrading Tbk,MAIN,ENSEVAL PUTERA MEGATRADING|ENSEVAL PUTERA
ERAA,Erajaya Swasembada Tbk,MAIN,ERAJAYA SWASEMBADA
ERAL,PT Sinar Eka Selaras Tbk,MAIN,SINAR EKA SELARAS|SINAR EKA
ERTX,Eratex Djaja Tbk,DEVELOPMENT,ERATEX DJAJA
ESIP,PT Sinergi Inti Plastindo Tbk.,DEVELOPMENT,SINERGI INTI PLASTINDO
ESSA,ESSA Industries Indonesia Tbk,MAIN,ESSA INDUSTRIES INDONESIA|ESSA INDUSTRIES
ESTA,PT Esta Multi Usaha Tbk.,DEVELOPMENT,ESTA MULTI USAHA|ESTA MULTI
ESTI,Ever Shine Textile Industry Tbk,DEVELOPMENT,EVER SHINE TEXTILE INDUSTRY|EVER SHINE
ETWA,Eterindo Wahanatama Tbk,WATCHLIST,ETERINDO WAHANATAMA
EURO,PT Estee Gold Feet Tbk,ACCELERATION,ESTEE GOLD FEET|ESTEE GOLD
EXCL,PT XLSMART Telecom Sejahtera Tbk,MAIN,XLSMART TELECOM SEJAHTERA|XLSMART TELECOM
FAPA,PT FAP Agri Tbk,DEVELOPMENT,FAP AGRI
FAST,PT Fast Food Indonesia Tbk,DEVELOPMENT,FAST FOOD INDONESIA|FAST FOOD
FASW,Fajar Surya Wisesa Tbk,WATCHLIST,FAJAR SURYA WISESA|FAJAR SURYA
FILM,PT MD Entertainment Tbk,MAIN,
FIMP,PT Fimperkasa Utama Tbk,WATCHLIST,FIMPERKASA UTAMA
FIRE,PT Alfa Energi Investama Tbk.,DEVELOPMENT,ALFA ENERGI INVESTAMA|ALFA ENERGI
FISH,FKS Multi Agro Tbk,MAIN,FKS MULTI AGRO|FKS MULTI
FITT,PT Hotel Fitra International Tbk,DEVELOPMENT,HOTEL FITRA INTERNATIONAL
FLMC,PT Falmaco Nonwoven Industri Tbk,ACCELERATION,FALMACO NONWOVEN INDUSTRI|FALMACO NONWOVEN
FMII,Fortune Mate Indonesia Tbk,DEVELOPMENT,FORTUNE MATE INDONESIA|FORTUNE MATE
FOLK,PT Multi Garam Utama Tbk.,DEVELOPMENT,MULTI GARAM UTAMA|GARAM UTAMA|MULTI GARAM
FOOD,PT Sentra Food Indonesia Tbk.,WATCHLIST,SENTRA FOOD INDONESIA|SENTRA FOOD
FORE,PT Fore Kopi Indonesia Tbk,DEVELOPMENT,FORE KOPI INDONESIA|FORE KOPI
FORU,Fortune Indonesia Tbk,DEVELOPMENT,FORTUNE INDONESIA
FPNI,PT Lotte Chemical Titan Tbk.,DEVELOPMENT,LOTTE CHEMICAL TITAN|LOTTE CHEMICAL
FUJI,PT Fuji Finance Indonesia Tbk.,DEVELOPMENT,FUJI FINANCE INDONESIA|FUJI FINANCE
FUTR,PT Futura Energi Global Tbk,DEVELOPMENT,FUTURA ENERGI GLOBAL|FUTURA ENERGI
FWCT,PT Wijaya Cahaya Timber Tbk,DEVELOPMENT,WIJAYA CAHAYA TIMBER|WIJAYA CAHAYA
GAMA,Aksara Global Development Tbk,WATCHLIST,AKSARA GLOBAL DEVELOPMENT|AKSARA GLOBAL
GDST,Gunawan Dianjaya Steel Tbk,DEVELOPMENT,GUNAWAN DIANJAYA STEEL|GUNAWAN DIANJAYA
GDYR,Goodyear Indonesia Tbk,DEVELOPMENT,GOODYEAR INDONESIA
GEMA,Gema Grahasarana Tbk,DEVELOPMENT,GEMA GRAHASARANA
GEMS,Golden Energy Mines Tbk,MAIN,GOLDEN ENERGY MINES|GOLDEN ENERGY
GGRM,Gudang Garam Tbk,MAIN,GUDANG GARAM
GGRP,PT Gunung Raja Paksi Tbk.,DEVELOPMENT,GUNUNG RAJA PAKSI|GUNUNG RAJA
GHON,PT Gihon Telekomunikasi Indonesia Tbk,DEVELOPMENT,GIHON TELEKOMUNIKASI INDONESIA|GIHON TELEKOMUNIKASI
GIAA,Garuda Indonesia (Persero) Tbk,DEVELOPMENT,GARUDA INDONESIA
GJTL,Gajah Tunggal Tbk,MAIN,GAJAH TUNGGAL
GLOB,PT Globe Kita Terang Tbk,WATCHLIST,GLOBE KITA TERANG|GLOBE KITA
GLVA,PT Galva Technologies Tbk,MAIN,GALVA TECHNOLOGIES
GMFI,PT Garuda Maintenance Facility Aero Asia Tbk.,DEVELOPMENT,GARUDA MAINTENANCE FACILITY AERO ASIA|GARUDA MAINTENANCE
GMTD,Gowa Makassar Tourism Development Tbk,DEVELOPMENT,GOWA MAKASSAR TOURISM DEVELOPMENT|GOWA MAKASSAR
GOLD,PT Visi Telekomunikasi Infrastruktur Tbk.,DEVELOPMENT,VISI TELEKOMUNIKASI INFRASTRUKTUR|VISI TELEKOMUNIKASI
GOLF,PT Intra GolfLink Resorts Tbk,MAIN,INTRA GOLFLINK RESORTS|INTRA GOLFLINK
GOLL,PT Golden Plantation Tbk,WATCHLIST,GOLDEN PLANTATION
GOOD,PT Garudafood Putra Putri Jaya Tbk.,MAIN,GARUDAFOOD PUTRA PUTRI JAYA|GARUDAFOOD PUTRA
GOTO,PT GoTo Gojek Tokopedia Tbk,DEVELOPMENT,GOTO GOJEK TOKOPEDIA|GOTO GOJEK
GPRA,Perdana Gapura Prima Tbk,DEVELOPMENT,PERDANA GAPURA PRIMA|PERDANA GAPURA
GPSO,PT Geoprima Solusi Tbk,DEVELOPMENT,GEOPRIMA SOLUSI
GRIA,PT Ingria Pratama Capitalindo Tbk,DEVELOPMENT,INGRIA PRATAMA CAPITALINDO|INGRIA PRATAMA
GRPH,PT Griptha Putra Persada Tbk.,DEVELOPMENT,GRIPTHA PUTRA PERSADA|GRIPTHA PUTRA
GRPM,PT Graha Prima Mentari Tbk.,ACCELERATION,GRAHA PRIMA MENTARI|GRAHA PRIMA
GSMF,Equity Development Investment Tbk,DEVELOPMENT,EQUITY DEVELOPMENT INVESTMENT|EQUITY DEVELOPMENT
GTBO,Garda Tujuh Buana Tbk,DEVELOPMENT,GARDA TUJUH BUANA|GARDA TUJUH
GTRA,PT Grahaprima Suksesmandiri Tbk,DEVELOPMENT,GRAHAPRIMA SUKSESMANDIRI
GTSI,PT GTS Internasional Tbk,DEVELOPMENT,GTS INTERNASIONAL
GULA,PT Aman Agrindo Tbk,DEVELOPMENT,AMAN AGRINDO
GUNA,PT Gunanusa Eramandiri Tbk,DEVELOPMENT,GUNANUSA ERAMANDIRI
GWSA,PT Greenwood Sejahtera Tbk,DEVELOPMENT,GREENWOOD SEJAHTERA
GZCO,Gozco Plantations Tbk,MAIN,GOZCO PLANTATIONS
HADE,PT Himalaya Energi Perkasa Tbk,WATCHLIST,HIMALAYA ENERGI PERKASA|HIMALAYA ENERGI
HAIS,PT Hasnur Internasional Shipping Tbk,DEVELOPMENT,HASNUR INTERNASIONAL SHIPPING|HASNUR INTERNASIONAL
HAJJ,PT Arsy Buana Travelindo Tbk,ACCELERATION,ARSY BUANA TRAVELINDO|ARSY BUANA
HALO,PT Haloni Jane Tbk,DEVELOPMENT,HALONI JANE
HATM,PT Habco Trans Maritima Tbk,MAIN,HABCO TRANS MARITIMA|HABCO TRANS
HBAT,PT Minahasa Membangun Hebat Tbk,ACCELERATION,MINAHASA MEMBANGUN HEBAT|MINAHASA MEMBANGUN
HDFA,Radana Bhaskara Finance Tbk,DEVELOPMENT,RADANA BHASKARA FINANCE|RADANA BHASKARA
HDIT,PT Hensel Davest Indonesia Tbk,DEVELOPMENT,HENSEL DAVEST INDONESIA|HENSEL DAVEST
HEAL,PT Medikaloka Hermina Tbk.,MAIN,MEDIKALOKA HERMINA
HELI,PT Jaya Trishindo Tbk,DEVELOPMENT,JAYA TRISHINDO
HERO,PT DFI Retail Nusantara Tbk,MAIN,DFI RETAIL NUSANTARA|DFI RETAIL
HEXA,Hexindo Adiperkasa Tbk,MAIN,HEXINDO ADIPERKASA
HGII,PT Hero Global Investment Tbk,DEVELOPMENT,HERO GLOBAL INVESTMENT|HERO GLOBAL
HILL,PT Hillcon Tbk,WATCHLIST,HILLCON
HITS,Humpuss Intermoda Transportasi Tbk,WATCHLIST,HUMPUSS INTERMODA TRANSPORTASI|HUMPUSS INTERMODA
HKMU,PT HK Metals Utama Tbk,WATCHLIST,HK METALS UTAMA
HMSP,HM Sampoerna Tbk,MAIN,
HOKI,PT Buyung Poetra Sembada Tbk.,DEVELOPMENT,BUYUNG POETRA SEMBADA|BUYUNG POETRA
HOME,Hotel Mandarine Regency Tbk,WATCHLIST,HOTEL MANDARINE REGENCY
HOMI,PT Grand House Mulia Tbk,DEVELOPMENT,GRAND HOUSE MULIA|GRAND HOUSE
HOPE,PT Harapan Duta Pertiwi Tbk.,DEVELOPMENT,HARAPAN DUTA PERTIWI|HARAPAN DUTA
HOTL,Saraswati Griya Lestari Tbk,WATCHLIST,SARASWATI GRIYA LESTARI|SARASWATI GRIYA
HRME,PT Menteng Heritage Realty Tbk.,WATCHLIST,MENTENG HERITAGE REALTY|MENTENG HERITAGE
HRTA,PT Hartadinata Abadi Tbk,MAIN,HARTADINATA ABADI
HRUM,Harum Energy Tbk,MAIN,HARUM ENERGY
HUMI,PT Humpuss Maritim Internasional Tbk,DEVELOPMENT,HUMPUSS MARITIM INTERNASIONAL|HUMPUSS MARITIM
HYGN,PT Ecocare Indo Pasifik Tbk.,DEVELOPMENT,ECOCARE INDO PASIFIK|ECOCARE INDO
IATA,PT MNC Energy Investments Tbk,DEVELOPMENT,MNC ENERGY INVESTMENTS|ENERGY INVESTMENTS
IBFN,PT Intan Baru Prana Tbk,WATCHLIST,INTAN BARU PRANA|INTAN BARU
IBOS,PT Indo Boga Sukses Tbk,ACCELERATION,INDO BOGA SUKSES|BOGA SUKSES|INDO BOGA
IBST,Inti Bangun Sejahtera Tbk,WATCHLIST,
ICBP,Indofood CBP Sukses Makmur Tbk,MAIN,INDOFOOD CBP SUKSES MAKMUR|INDOFOOD CBP
ICON,Island Concepts Indonesia Tbk,DEVELOPMENT,ISLAND CONCEPTS INDONESIA|ISLAND CONCEPTS
IDEA,PT Idea Indonesia Akademi Tbk,ACCELERATION,IDEA INDONESIA AKADEMI|IDEA INDONESIA
IDPR,PT Indonesia Pondasi Raya Tbk.,DEVELOPMENT,INDONESIA PONDASI RAYA|INDONESIA PONDASI|PONDASI RAYA
IFII,PT Indonesia Fibreboard Industry Tbk,DEVELOPMENT,INDONESIA FIBREBOARD INDUSTRY|INDONESIA FIBREBOARD|FIBREBOARD INDUSTRY
IFSH,PT Ifishdeco Tbk.,WATCHLIST,IFISHDECO
IGAR,Champion Pacific Indonesia Tbk,DEVELOPMENT,CHAMPION PACIFIC INDONESIA|CHAMPION PACIFIC
IHSG,Indeks Harga Saham Gabungan,INDEX,INDEKS HARGA SAHAM GABUNGAN|COMPOSITE INDEX
IIKP,Inti Agri Resources Tbk,WATCHLIST,INTI AGRI RESOURCES|AGRI RESOURCES|INTI AGRI
IKAI,Intikeramik Alamasri Industri Tbk,WATCHLIST,INTIKERAMIK ALAMASRI INDUSTRI|INTIKERAMIK ALAMASRI
IKAN,PT Era Mandiri Cemerlang Tbk,DEVELOPMENT,ERA MANDIRI CEMERLANG|ERA MANDIRI
IKBI,Sumi Indo Kabel Tbk,DEVELOPMENT,SUMI INDO KABEL|SUMI INDO
IKPM,PT Ikapharmindo Putramas Tbk.,DEVELOPMENT,IKAPHARMINDO PUTRAMAS
IMAS,Indomobil Sukses Internasional Tbk,MAIN,INDOMOBIL SUKSES INTERNASIONAL|INDOMOBIL SUKSES
IMJS,PT Indomobil Multi Jasa Tbk.,DEVELOPMENT,INDOMOBIL MULTI JASA|INDOMOBIL MULTI
IMPC,PT Impack Pratama Industri Tbk,MAIN,IMPACK PRATAMA INDUSTRI|IMPACK PRATAMA
INAF,Indofarma Tbk.,WATCHLIST,INDOFARMA
INAI,Indal Aluminium Industry Tbk,DEVELOPMENT,INDAL ALUMINIUM INDUSTRY|INDAL ALUMINIUM
INCF,PT Indo Komoditi Korpora Tbk,DEVELOPMENT,INDO KOMODITI KORPORA|KOMODITI KORPORA|INDO KOMODITI
INCI,Intanwijaya Internasional Tbk,DEVELOPMENT,INTANWIJAYA INTERNASIONAL
INCO,Vale Indonesia Tbk,MAIN,VALE INDONESIA
INDF,Indofood Sukses Makmur Tbk,MAIN,INDOFOOD SUKSES MAKMUR|INDOFOOD SUKSES
INDO,PT Royalindo Investa Wijaya Tbk,DEVELOPMENT,ROYALINDO INVESTA WIJAYA|ROYALINDO INVESTA
INDR,PT Indo-Rama Synthetics Tbk,DEVELOPMENT,INDO RAMA SYNTHETICS|RAMA SYNTHETICS|INDO RAMA
INDS,Indospring Tbk,DEVELOPMENT,INDOSPRING
INDX,Tanah Laut Tbk,DEVELOPMENT,TANAH LAUT
INDY,Indika Energy Tbk,MAIN,INDIKA ENERGY
INET,PT Sinergi Inti Andalan Prima Tbk.,DEVELOPMENT,SINERGI INTI ANDALAN PRIMA
INKP,Indah Kiat Pulp & Paper Tbk,MAIN,INDAH KIAT PULP PAPER|KIAT PULP PAPER|INDAH KIAT
INOV,PT Inocycle Technology Group Tbk.,DEVELOPMENT,INOCYCLE TECHNOLOGY GROUP|INOCYCLE TECHNOLOGY
INPC,Bank Artha Graha Internasional Tbk,MAIN,BANK ARTHA GRAHA INTERNASIONAL|ARTHA GRAHA INTERNASIONAL
INPP,Indonesian Paradise Property Tbk,DEVELOPMENT,INDONESIAN PARADISE PROPERTY|INDONESIAN PARADISE
INPS,PT Indah Prakasa Sentosa Tbk.,WATCHLIST,INDAH PRAKASA SENTOSA|PRAKASA SENTOSA|INDAH PRAKASA
INRU,Toba Pulp Lestari Tbk,WATCHLIST,TOBA PULP LESTARI|TOBA PULP
INTA,Intraco Penta Tbk,WATCHLIST,INTRACO PENTA
INTD,Inter-Delta Tbk,DEVELOPMENT,INTER DELTA
INTP,Indocement Tunggal Prakarsa Tbk,MAIN,INDOCEMENT TUNGGAL PRAKARSA|INDOCEMENT TUNGGAL
IOTF,PT Sumber Sinergi Makmur Tbk,DEVELOPMENT,SUMBER SINERGI MAKMUR|SINERGI MAKMUR|SUMBER SINERGI
IPAC,PT Era Graharealty Tbk,ACCELERATION,ERA GRAHAREALTY
IPCC,PT Indonesia Kendaraan Terminal Tbk.,MAIN,INDONESIA KENDARAAN TERMINAL|INDONESIA KENDARAAN|KENDARAAN TERMINAL
IPCM,PT Jasa Armada Indonesia Tbk.,MAIN,JASA ARMADA INDONESIA|JASA ARMADA
IPOL,Indopoly Swakarsa Industry Tbk,DEVELOPMENT,INDOPOLY SWAKARSA INDUSTRY|INDOPOLY SWAKARSA
IPPE,PT Indo Pureco Pratama Tbk,WATCHLIST,INDO PURECO PRATAMA|PURECO PRATAMA|INDO PURECO
IPTV,PT MNC Vision Networks Tbk.,WATCHLIST,MNC VISION NETWORKS|VISION NETWORKS|MNC VISION
IRRA,PT Itama Ranoraya Tbk.,DEVELOPMENT,ITAMA RANORAYA
IRSX,PT Folago Global Nusantara Tbk,DEVELOPMENT,FOLAGO GLOBAL NUSANTARA|FOLAGO GLOBAL
ISAP,PT Isra Presisi Indonesia Tbk,ACCELERATION,ISRA PRESISI INDONESIA|ISRA PRESISI
ISAT,PT Indosat Tbk,MAIN,INDOSAT
ISEA,PT Indo American Seafoods Tbk,DEVELOPMENT,INDO AMERICAN SEAFOODS|AMERICAN SEAFOODS|INDO AMERICAN
ISSP,PT Steel Pipe Industry of Indonesia Tbk,MAIN,STEEL PIPE INDUSTRY OF INDONESIA|STEEL PIPE
ITIC,PT Indonesian Tobacco Tbk.,DEVELOPMENT,INDONESIAN TOBACCO
ITMA,SUMBER ENERGI ANDALAN Tbk,DEVELOPMENT,SUMBER ENERGI ANDALAN|ENERGI ANDALAN
ITMG,Indo Tambangraya Megah Tbk,MAIN,INDO TAMBANGRAYA MEGAH|TAMBANGRAYA MEGAH|INDO TAMBANGRAYA
JARR,PT Jhonlin Agro Raya Tbk,MAIN,JHONLIN AGRO RAYA|JHONLIN AGRO
JAST,PT Jasnita Telekomindo Tbk.,DEVELOPMENT,JASNITA TELEKOMINDO
JATI,PT Informasi Teknologi Indonesia Tbk.,DEVELOPMENT,INFORMASI TEKNOLOGI INDONESIA|INFORMASI TEKNOLOGI
JAWA,Jaya Agra Wattie Tbk,DEVELOPMENT,JAYA AGRA WATTIE|AGRA WATTIE|JAYA AGRA
JAYA,PT Armada Berjaya Trans Tbk.,DEVELOPMENT,ARMADA BERJAYA TRANS|ARMADA BERJAYA
JECC,Jembo Cable Company Tbk,DEVELOPMENT,JEMBO CABLE COMPANY|JEMBO CABLE
JGLE,PT Graha Andrasentra Propertindo Tbk.,DEVELOPMENT,GRAHA ANDRASENTRA PROPERTINDO|GRAHA ANDRASENTRA
JIHD,Jakarta International Hotels & Development Tbk,MAIN,JAKARTA INTERNATIONAL HOTELS DEVELOPMENT|JAKARTA INTERNATIONAL
JKON,Jaya Konstruksi Manggala Pratama Tbk,MAIN,JAYA KONSTRUKSI MANGGALA PRATAMA|KONSTRUKSI MANGGALA PRATAMA|JAYA KONSTRUKSI
JMAS,PT Asuransi Jiwa Syariah Jasa Mitra Abadi Tbk,DEVELOPMENT,ASURANSI JIWA SYARIAH JASA MITRA ABADI|JIWA SYARIAH JASA MITRA ABADI
JPFA,JAPFA Comfeed Indonesia Tbk,MAIN,JAPFA COMFEED INDONESIA|JAPFA COMFEED
JRPT,Jaya Real Property Tbk,MAIN,JAYA REAL PROPERTY|REAL PROPERTY|JAYA REAL
JSKY,PT Sky Energy Indonesia Tbk.,WATCHLIST,SKY ENERGY INDONESIA|SKY ENERGY
JSMR,PT Jasa Marga Tbk,MAIN,JASA MARGA
JSPT,Jakarta Setiabudi Internasional Tbk,MAIN,JAKARTA SETIABUDI INTERNASIONAL|JAKARTA SETIABUDI
JTPE,Jasuindo Tiga Perkasa Tbk,MAIN,JASUINDO TIGA PERKASA|JASUINDO TIGA
KAEF,Kimia Farma Tbk.,DEVELOPMENT,KIMIA FARMA
KAQI,PT Jantra Grupo Indonesia Tbk,DEVELOPMENT,JANTRA GRUPO INDONESIA|JANTRA GRUPO
KARW,Meratus Jasa Prima Tbk,WATCHLIST,MERATUS JASA PRIMA|MERATUS JASA
KAYU,PT Darmi Bersaudara Tbk.,WATCHLIST,DARMI BERSAUDARA
KBAG,PT Karya Bersama Anugerah Tbk,WATCHLIST,KARYA BERSAMA ANUGERAH|BERSAMA ANUGERAH
KBLI,KMI Wire and Cable Tbk,MAIN,KMI WIRE AND CABLE|KMI WIRE
KBLM,Kabelindo Murni Tbk,DEVELOPMENT,KABELINDO MURNI
KBLV,First Media Tbk,DEVELOPMENT,FIRST MEDIA
KBRI,Kertas Basuki Rachmat Indonesia Tbk,WATCHLIST,KERTAS BASUKI RACHMAT INDONESIA|KERTAS BASUKI
KDSI,Kedawung Setia Industrial Tbk,DEVELOPMENT,KEDAWUNG SETIA INDUSTRIAL|KEDAWUNG SETIA
KDTN,PT Puri Sentul Permai Tbk,DEVELOPMENT,PURI SENTUL PERMAI|PURI SENTUL
KEEN,PT Kencana Energi Lestari Tbk.,MAIN,KENCANA ENERGI LESTARI|KENCANA ENERGI
KEJU,PT Mulia Boga Raya Tbk,MAIN,MULIA BOGA RAYA|MULIA BOGA
KETR,PT Ketrosden Triasmitra Tbk,DEVELOPMENT,KETROSDEN TRIASMITRA
KIAS,Keramika Indonesia Assosiasi Tbk,WATCHLIST,KERAMIKA INDONESIA ASSOSIASI|KERAMIKA INDONESIA
KICI,Kedaung Indah Can Tbk,DEVELOPMENT,KEDAUNG INDAH CAN|KEDAUNG INDAH
KIJA,Kawasan Industri Jababeka Tbk,MAIN,KAWASAN INDUSTRI JABABEKA|KAWASAN INDUSTRI
KING,PT Hoffmen Cleanindo Tbk,ACCELERATION,HOFFMEN CLEANINDO
KINO,PT Kino Indonesia Tbk,DEVELOPMENT,KINO INDONESIA
KIOS,PT Kioson Komersial Indonesia Tbk.,DEVELOPMENT,KIOSON KOMERSIAL INDONESIA|KIOSON KOMERSIAL
KJEN,PT Krida Jaringan Nusantara Tbk.,DEVELOPMENT,KRIDA JARINGAN NUSANTARA|KRIDA JARINGAN
KKES,PT Kusuma Kemindo Sentosa Tbk,WATCHLIST,KUSUMA KEMINDO SENTOSA|KUSUMA KEMINDO
KKGI,Resource Alam Indonesia Tbk,MAIN,RESOURCE ALAM INDONESIA|RESOURCE ALAM
KLAS,PT Pelayaran Kurnia Lautan Semesta Tbk,DEVELOPMENT,PELAYARAN KURNIA LAUTAN SEMESTA|PELAYARAN KURNIA
KLBF,Kalbe Farma Tbk,MAIN,KALBE FARMA
KLIN,PT Klinko Karya Imaji Tbk,ACCELERATION,KLINKO KARYA IMAJI|KLINKO KARYA
KMDS,PT Kurniamitra Duta Sentosa Tbk.,DEVELOPMENT,KURNIAMITRA DUTA SENTOSA|KURNIAMITRA DUTA
KMTR,PT Kirana Megatara Tbk.,DEVELOPMENT,KIRANA MEGATARA
KOBX,Kobexindo Tractors Tbk,DEVELOPMENT,KOBEXINDO TRACTORS
KOCI,PT Kokoh Exa Nusantara,DEVELOPMENT,KOKOH EXA NUSANTARA|KOKOH EXA
KOIN,Kokoh Inti Arebama Tbk,WATCHLIST,KOKOH INTI AREBAMA|KOKOH INTI
KOKA,PT Koka Indonesia Tbk.,DEVELOPMENT,KOKA INDONESIA
KONI,Perdana Bangun Pusaka Tbk,DEVELOPMENT,PERDANA BANGUN PUSAKA|PERDANA BANGUN
KOPI,PT Mitra Energi Persada Tbk,DEVELOPMENT,
KOTA,PT DMS Propertindo Tbk.,MAIN,DMS PROPERTINDO
KPIG,MNC Tourism Indonesia Tbk,MAIN,MNC TOURISM INDONESIA|TOURISM INDONESIA|MNC TOURISM
KRAS,Krakatau Steel (Persero) Tbk,DEVELOPMENT,KRAKATAU STEEL
KREN,PT Quantum Clovera Investama Tbk.,WATCHLIST,QUANTUM CLOVERA INVESTAMA|QUANTUM CLOVERA
KRYA,PT Bangun Karya Perkasa Jaya Tbk,DEVELOPMENT,
KSIX,PT Kentanix Supra International Tbk,DEVELOPMENT,KENTANIX SUPRA INTERNATIONAL|KENTANIX SUPRA
KUAS,PT Ace Oldfields Tbk,DEVELOPMENT,ACE OLDFIELDS
LABA,PT Green Power Group Tbk,DEVELOPMENT,GREEN POWER GROUP|GREEN POWER
LABS,PT UBC Medical Indonesia Tbk,DEVELOPMENT,UBC MEDICAL INDONESIA|UBC MEDICAL
LAJU,PT Jasa Berdikari Logistics Tbk,DEVELOPMENT,JASA BERDIKARI LOGISTICS|JASA BERDIKARI
LAND,PT Trimitra Propertindo Tbk.,DEVELOPMENT,TRIMITRA PROPERTINDO
LAPD,Leyand International Tbk,WATCHLIST,LEYAND INTERNATIONAL
LCGP,PT Eureka Prima Jakarta Tbk.,WATCHLIST,EUREKA PRIMA JAKARTA|EUREKA PRIMA
LCKM,PT LCK Global Kedaton Tbk,DEVELOPMENT,LCK GLOBAL KEDATON|LCK GLOBAL
LEAD,PT Logindo Samudramakmur Tbk.,DEVELOPMENT,LOGINDO SAMUDRAMAKMUR
LFLO,PT Imago Mulia Persada Tbk,ACCELERATION,IMAGO MULIA PERSADA|IMAGO MULIA
LIFE,PT MSIG Life Insurance Indonesia Tbk.,DEVELOPMENT,MSIG LIFE INSURANCE INDONESIA|MSIG LIFE
LINK,PT Link Net Tbk.,DEVELOPMENT,LINK NET
LION,Lion Metal Works Tbk,DEVELOPMENT,LION METAL WORKS|LION METAL
LIVE,PT Homeco Victoria Makmur Tbk,DEVELOPMENT,HOMECO VICTORIA MAKMUR|HOMECO VICTORIA
LMAS,Limas Indonesia Makmur Tbk,WATCHLIST,LIMAS INDONESIA MAKMUR|LIMAS INDONESIA
LMAX,PT Lupromax Pelumas Indonesia Tbk.,ACCELERATION,LUPROMAX PELUMAS INDONESIA|LUPROMAX PELUMAS
LMPI,Langgeng Makmur Industri Tbk,DEVELOPMENT,LANGGENG MAKMUR INDUSTRI|LANGGENG MAKMUR
LMSH,Lionmesh Prima Tbk,WATCHLIST,LIONMESH PRIMA
LOPI,PT Logisticsplus International Tbk,ACCELERATION,LOGISTICSPLUS INTERNATIONAL
LPCK,Lippo Cikarang Tbk,MAIN,LIPPO CIKARANG
LPGI,Lippo General Insurance Tbk,DEVELOPMENT,LIPPO GENERAL INSURANCE|LIPPO GENERAL
LPIN,Multi Prima Sejahtera Tbk,DEVELOPMENT,
LPKR,Lippo Karawaci Tbk,MAIN,LIPPO KARAWACI
LPLI,Star Pacific Tbk,DEVELOPMENT,STAR PACIFIC
LPPF,PT MDS Retailing Tbk,MAIN,MDS RETAILING
LPPS,PT Lenox Pasifik Investama Tbk,DEVELOPMENT,LENOX PASIFIK INVESTAMA|LENOX PASIFIK
LRNA,PT Eka Sari Lorena Transport Tbk.,DEVELOPMENT,EKA SARI LORENA TRANSPORT|EKA SARI
LSIP,PP London Sumatra Indonesia Tbk,MAIN,PP LONDON SUMATRA INDONESIA
LTLS,PT Lautan Luas Tbk,MAIN,LAUTAN LUAS
LUCK,PT Sentral Mitra Informatika Tbk.,DEVELOPMENT,SENTRAL MITRA INFORMATIKA|SENTRAL MITRA
LUCY,PT Lima Dua Lima Tiga Tbk,ACCELERATION,LIMA DUA LIMA TIGA|LIMA DUA
MABA,PT Marga Abhinaya Abadi Tbk,WATCHLIST,MARGA ABHINAYA ABADI|MARGA ABHINAYA
MAGP,Multi Agro Gemilang Plantation Tbk,WATCHLIST,MULTI AGRO GEMILANG PLANTATION|AGRO GEMILANG PLANTATION
MAHA,PT Mandiri Herindo Adiperkasa Tbk,MAIN,MANDIRI HERINDO ADIPERKASA|HERINDO ADIPERKASA|MANDIRI HERINDO
MAIN,Malindo Feedmill Tbk,MAIN,MALINDO FEEDMILL
MANG,PT Manggung Polahraya Tbk,ACCELERATION,MANGGUNG POLAHRAYA
MAPA,PT Map Aktif Adiperkasa Tbk,MAIN,MAP AKTIF ADIPERKASA|MAP AKTIF
MAPB,PT Map Boga Adiperkasa Tbk,WATCHLIST,MAP BOGA ADIPERKASA|MAP BOGA
MAPI,PT Mitra Adiperkasa Tbk,MAIN,MITRA ADIPERKASA
MARI,PT Mahaka Radio Integra Tbk.,WATCHLIST,MAHAKA RADIO INTEGRA|MAHAKA RADIO
MARK,PT Mark Dynamics Indonesia Tbk.,MAIN,MARK DYNAMICS INDONESIA|MARK DYNAMICS
MASB,PT Bank Multiarta Sentosa Tbk,MAIN,BANK MULTIARTA SENTOSA|MULTIARTA SENTOSA
MAXI,PT Maxindo Karya Anugerah Tbk,DEVELOPMENT,MAXINDO KARYA ANUGERAH|MAXINDO KARYA
MAYA,PT Bank Mayapada Internasional Tbk,MAIN,BANK MAYAPADA INTERNASIONAL|MAYAPADA INTERNASIONAL
MBAP,PT Mitrabara Adiperdana Tbk,DEVELOPMENT,MITRABARA ADIPERDANA
MBMA,PT Merdeka Battery Materials Tbk,MAIN,MERDEKA BATTERY MATERIALS|MERDEKA BATTERY
MBSS,Mitrabahtera Segara Sejati Tbk,MAIN,MITRABAHTERA SEGARA SEJATI|MITRABAHTERA SEGARA
MBTO,Martina Berto Tbk,DEVELOPMENT,MARTINA BERTO
MCAS,PT M Cash Integrasi Tbk,DEVELOPMENT,M CASH INTEGRASI
MCOL,PT Prima Andalan Mandiri Tbk,MAIN,PRIMA ANDALAN MANDIRI|ANDALAN MANDIRI|PRIMA ANDALAN
MCOR,PT Bank China Construction Bank Indonesia Tbk,MAIN,BANK CHINA CONSTRUCTION BANK INDONESIA|CHINA CONSTRUCTION BANK INDONESIA
MDIA,PT Intermedia Capital Tbk.,DEVELOPMENT,INTERMEDIA CAPITAL
MDIY,PT Daya Intiguna Yasa Tbk,MAIN,DAYA INTIGUNA YASA|DAYA INTIGUNA
MDKA,PT Merdeka Copper Gold Tbk.,MAIN,MERDEKA COPPER GOLD|MERDEKA COPPER
MDKI,PT Emdeki Utama Tbk,DEVELOPMENT,EMDEKI UTAMA
MDLA,PT Medela Potentia Tbk,MAIN,MEDELA POTENTIA
MDLN,PT Modernland Realty Tbk.,DEVELOPMENT,MODERNLAND REALTY
MDRN,Modern Internasional Tbk,WATCHLIST,MODERN INTERNASIONAL
MEDC,PT Medco Energi Internasional Tbk,MAIN,MEDCO ENERGI INTERNASIONAL|MEDCO ENERGI
MEDS,PT Hetzer Medical Indonesia Tbk,DEVELOPMENT,HETZER MEDICAL INDONESIA|HETZER MEDICAL
MEGA,Bank Mega Tbk,MAIN,
MEJA,PT Harta Djaya Karya Tbk,ACCELERATION,HARTA DJAYA KARYA|HARTA DJAYA
MENN,PT Menn Teknologi Indonesia Tbk.,WATCHLIST,MENN TEKNOLOGI INDONESIA|MENN TEKNOLOGI
MERI,PT Merry Riana Edukasi Tbk,DEVELOPMENT,MERRY RIANA EDUKASI|MERRY RIANA
MERK,Merck Tbk,MAIN,MERCK
META,Nusantara Infrastructure Tbk,DEVELOPMENT,NUSANTARA INFRASTRUCTURE
MFMI,Multifiling Mitra Indonesia Tbk,WATCHLIST,MULTIFILING MITRA INDONESIA|MULTIFILING MITRA
MGLV,PT Panca Anugrah Wisesa Tbk,ACCELERATION,PANCA ANUGRAH WISESA|PANCA ANUGRAH
MGNA,PT Magna Investama Mandiri Tbk,WATCHLIST,MAGNA INVESTAMA MANDIRI|MAGNA INVESTAMA
MGRO,PT Mahkota Group Tbk.,DEVELOPMENT,MAHKOTA GROUP
MHKI,PT Multi Hanna Kreasindo Tbk,DEVELOPMENT,MULTI HANNA KREASINDO|HANNA KREASINDO|MULTI HANNA
MICE,Multi Indocitra Tbk,DEVELOPMENT,MULTI INDOCITRA
MIDI,Midi Utama Indonesia Tbk,MAIN,MIDI UTAMA INDONESIA|MIDI UTAMA
MIKA,PT Mitra Keluarga Karyasehat Tbk.,MAIN,MITRA KELUARGA KARYASEHAT|KELUARGA KARYASEHAT|MITRA KELUARGA
MINA,PT Sanurhasta Mitra Tbk.,DEVELOPMENT,SANURHASTA MITRA
MINE,PT Sinar Terang Mandiri Tbk,DEVELOPMENT,SINAR TERANG MANDIRI|SINAR TERANG
MIRA,Mitra International Resources Tbk,WATCHLIST,
MITI,Mitra Investindo Tbk,DEVELOPMENT,MITRA INVESTINDO
MKAP,PT Multikarya Asia Pasifik Raya Tbk,DEVELOPMENT,MULTIKARYA ASIA PASIFIK RAYA|MULTIKARYA ASIA
MKNT,PT Mitra Komunikasi Nusantara Tbk.,WATCHLIST,MITRA KOMUNIKASI NUSANTARA|KOMUNIKASI NUSANTARA|MITRA KOMUNIKASI
MKPI,Metropolitan Kentjana Tbk,DEVELOPMENT,METROPOLITAN KENTJANA
MKTR,PT Menthobi Karyatama Raya Tbk,MAIN,MENTHOBI KARYATAMA RAYA|MENTHOBI KARYATAMA
MLBI,Multi Bintang Indonesia Tbk,MAIN,
MLIA,Mulia Industrindo Tbk,WATCHLIST,MULIA INDUSTRINDO
MLPL,Multipolar Tbk,MAIN,MULTIPOLAR
MLPT,PT Multipolar Technology Tbk.,DEVELOPMENT,MULTIPOLAR TECHNOLOGY
MMIX,PT Multi Medika Internasional Tbk,DEVELOPMENT,MULTI MEDIKA INTERNASIONAL|MEDIKA INTERNASIONAL|MULTI MEDIKA
MMLP,PT Mega Manunggal Property Tbk.,DEVELOPMENT,MEGA MANUNGGAL PROPERTY|MANUNGGAL PROPERTY|MEGA MANUNGGAL
MNCN,Media Nusantara Citra Tbk,MAIN,
MOLI,PT Madusari Murni Indah Tbk.,DEVELOPMENT,MADUSARI MURNI INDAH|MADUSARI MURNI
MORA,PT Ekamas Mora Republik Tbk,MAIN,EKAMAS MORA REPUBLIK|EKAMAS MORA
MPIX,PT Mitra Pedagang Indonesia Tbk.,DEVELOPMENT,MITRA PEDAGANG INDONESIA|PEDAGANG INDONESIA|MITRA PEDAGANG
MPMX,PT Mitra Pinasthika Mustika Tbk.,MAIN,MITRA PINASTHIKA MUSTIKA|PINASTHIKA MUSTIKA|MITRA PINASTHIKA
MPOW,PT Megapower Makmur Tbk.,DEVELOPMENT,MEGAPOWER MAKMUR
MPPA,Matahari Putra Prima Tbk,WATCHLIST,MATAHARI PUTRA PRIMA|MATAHARI PUTRA
MPRO,PT Maha Properti Indonesia Tbk.,DEVELOPMENT,MAHA PROPERTI INDONESIA|MAHA PROPERTI
MPXL,PT MPX Logistics International Tbk,DEVELOPMENT,MPX LOGISTICS INTERNATIONAL|MPX LOGISTICS
MRAT,Mustika Ratu Tbk,DEVELOPMENT,MUSTIKA RATU
MREI,Maskapai Reasuransi Indonesia Tbk,MAIN,MASKAPAI REASURANSI INDONESIA|MASKAPAI REASURANSI
MSIE,PT Multisarana Intan Eduka Tbk,ACCELERATION,MULTISARANA INTAN EDUKA|MULTISARANA INTAN
MSIN,PT MNC Digital Entertainment Tbk,MAIN,MNC DIGITAL ENTERTAINMENT|DIGITAL ENTERTAINMENT
MSJA,PT Multi Spunindo Jaya Tbk.,DEVELOPMENT,MULTI SPUNINDO JAYA|MULTI SPUNINDO|SPUNINDO JAYA
MSKY,MNC Sky Vision Tbk,DEVELOPMENT,MNC SKY VISION|SKY VISION|MNC SKY
MSTI,PT Mastersystem Infotama Tbk.,MAIN,MASTERSYSTEM INFOTAMA
MTDL,Metrodata Electronics Tbk,MAIN,METRODATA ELECTRONICS
MTEL,PT Dayamitra Telekomunikasi Tbk,MAIN,DAYAMITRA TELEKOMUNIKASI
MTFN,Capitalinc Investment Tbk,WATCHLIST,CAPITALINC INVESTMENT
MTLA,Metropolitan Land Tbk,MAIN,METROPOLITAN LAND
MTMH,PT Murni Sadar Tbk,MAIN,MURNI SADAR
MTPS,PT Meta Epsi Tbk.,WATCHLIST,META EPSI
MTRA,PT Mitra Pemuda Tbk.,WATCHLIST,MITRA PEMUDA
MTSM,Metro Realty Tbk,WATCHLIST,METRO REALTY
MTWI,PT Malacca Trust Wuwungan Insurance Tbk.,DEVELOPMENT,MALACCA TRUST WUWUNGAN INSURANCE|MALACCA TRUST
MUTU,PT Mutuagung Lestari Tbk,DEVELOPMENT,MUTUAGUNG LESTARI
MYOH,Samindo Resources Tbk,DEVELOPMENT,SAMINDO RESOURCES
MYOR,Mayora Indah Tbk,MAIN,MAYORA INDAH
MYTX,PT Asia Pacific Investama Tbk.,WATCHLIST,
NAIK,PT Adiwarna Anugerah Abadi Tbk,DEVELOPMENT,ADIWARNA ANUGERAH ABADI|ADIWARNA ANUGERAH
NANO,PT Nanotech Indonesia Global Tbk,ACCELERATION,NANOTECH INDONESIA GLOBAL|NANOTECH INDONESIA
NASA,PT Andalan Perkasa Abadi Tbk,WATCHLIST,ANDALAN PERKASA ABADI|ANDALAN PERKASA
NASI,PT Wahana Inti Makmur Tbk,DEVELOPMENT,WAHANA INTI MAKMUR|WAHANA INTI
NATO,PT Olympus Strategic Indonesia Tbk,DEVELOPMENT,OLYMPUS STRATEGIC INDONESIA|OLYMPUS STRATEGIC
NAYZ,PT Hassana Boga Sejahtera Tbk,ACCELERATION,HASSANA BOGA SEJAHTERA|HASSANA BOGA
NCKL,PT Trimegah Bangun Persada Tbk.,DEVELOPMENT,TRIMEGAH BANGUN PERSADA|TRIMEGAH BANGUN
NELY,Pelayaran Nelly Dwi Putri Tbk,DEVELOPMENT,PELAYARAN NELLY DWI PUTRI|PELAYARAN NELLY
NEST,PT Esta Indonesia Tbk,DEVELOPMENT,ESTA INDONESIA
NETV,PT MDTV Media Technologies Tbk,DEVELOPMENT,MDTV MEDIA TECHNOLOGIES|MDTV MEDIA
NFCX,PT NFC Indonesia Tbk,DEVELOPMENT,NFC INDONESIA
NICE,PT Adhi Kartiko Pratama Tbk,DEVELOPMENT,ADHI KARTIKO PRATAMA|ADHI KARTIKO
NICK,PT Charnic Capital Tbk.,DEVELOPMENT,CHARNIC CAPITAL
NICL,PT PAM Mineral Tbk,DEVELOPMENT,PAM MINERAL
NIKL,Pelat Timah Nusantara Tbk,DEVELOPMENT,PELAT TIMAH NUSANTARA|PELAT TIMAH
NINE,PT Techno9 Indonesia Tbk,ACCELERATION,TECHNO9 INDONESIA
NIRO,City Retail Developments Tbk,DEVELOPMENT,CITY RETAIL DEVELOPMENTS|CITY RETAIL
NISP,PT Bank OCBC NISP Tbk,MAIN,BANK OCBC NISP|OCBC NISP
NOBU,PT Bank Nationalnobu Tbk.,MAIN,BANK NATIONALNOBU
NPGF,PT Nusa Palapa Gemilang Tbk,DEVELOPMENT,NUSA PALAPA GEMILANG|NUSA PALAPA
NRCA,PT Nusa Raya Cipta Tbk.,DEVELOPMENT,NUSA RAYA CIPTA|NUSA RAYA
NSSS,PT Nusantara Sawit Sejahtera Tbk,DEVELOPMENT,NUSANTARA SAWIT SEJAHTERA|SAWIT SEJAHTERA|NUSANTARA SAWIT
NTBK,PT Nusatama Berkah Tbk,DEVELOPMENT,NUSATAMA BERKAH
NUSA,PT Sinergi Megah Internusa Tbk,WATCHLIST,SINERGI MEGAH INTERNUSA|SINERGI MEGAH
NZIA,"PT Nusantara Almazia, Tbk.",DEVELOPMENT,NUSANTARA ALMAZIA
OASA,PT Maharaksa Biru Energi Tbk,DEVELOPMENT,MAHARAKSA BIRU ENERGI|MAHARAKSA BIRU
OBAT,PT Brigit Biofarmaka Teknologi Tbk,DEVELOPMENT,BRIGIT BIOFARMAKA TEKNOLOGI|BRIGIT BIOFARMAKA
OBMD,PT OBM Drilchem Tbk,DEVELOPMENT,OBM DRILCHEM
OCAP,ONIX CAPITAL Tbk,WATCHLIST,ONIX CAPITAL
OILS,PT Indo Oil Perkasa Tbk,DEVELOPMENT,INDO OIL PERKASA|OIL PERKASA|INDO OIL
OKAS,Ancora Indonesia Resources Tbk,DEVELOPMENT,ANCORA INDONESIA RESOURCES|ANCORA INDONESIA
OLIV,PT Oscar Mitra Sukses Sejahtera Tbk,ACCELERATION,OSCAR MITRA SUKSES SEJAHTERA|OSCAR MITRA
OMED,PT Jayamas Medica Industri Tbk,MAIN,JAYAMAS MEDICA INDUSTRI|JAYAMAS MEDICA
OMRE,Indonesia Prima Property Tbk,DEVELOPMENT,INDONESIA PRIMA PROPERTY|PRIMA PROPERTY
OPMS,PT Optima Prima Metal Sinergi Tbk.,DEVELOPMENT,OPTIMA PRIMA METAL SINERGI|OPTIMA PRIMA
PACK,PT Abadi Nusantara Hijau Investama Tbk,ACCELERATION,ABADI NUSANTARA HIJAU INVESTAMA|NUSANTARA HIJAU INVESTAMA
PADA,PT Personel Alih Daya Tbk,DEVELOPMENT,PERSONEL ALIH DAYA|PERSONEL ALIH
PADI,Minna Padi Investama Sekuritas Tbk,DEVELOPMENT,MINNA PADI INVESTAMA SEKURITAS|MINNA PADI
PALM,PT Provident Investasi Bersama Tbk,MAIN,PROVIDENT INVESTASI BERSAMA|PROVIDENT INVESTASI
PAMG,PT Bima Sakti Pertiwi Tbk,DEVELOPMENT,BIMA SAKTI PERTIWI|BIMA SAKTI
PANI,PT Pantai Indah Kapuk Dua Tbk.,DEVELOPMENT,PANTAI INDAH KAPUK DUA|PANTAI INDAH
PANR,Panorama Sentrawisata Tbk,DEVELOPMENT,PANORAMA SENTRAWISATA
PANS,Panin Sekuritas Tbk,MAIN,PANIN SEKURITAS
PART,PT Cipta Perdana Lancar Tbk,DEVELOPMENT,CIPTA PERDANA LANCAR|CIPTA PERDANA
PBID,PT Panca Budi Idaman Tbk,MAIN,PANCA BUDI IDAMAN|PANCA BUDI
PBRX,Pan Brothers Tbk,WATCHLIST,PAN BROTHERS
PBSA,PT Paramita Bangun Sarana Tbk,DEVELOPMENT,PARAMITA BANGUN SARANA|PARAMITA BANGUN
PCAR,PT Prima Cakrawala Abadi Tbk,WATCHLIST,PRIMA CAKRAWALA ABADI|CAKRAWALA ABADI|PRIMA CAKRAWALA
PDES,Destinasi Tirta Nusantara Tbk,DEVELOPMENT,DESTINASI TIRTA NUSANTARA|DESTINASI TIRTA
PDPP,PT Primadaya Plastisindo Tbk,DEVELOPMENT,PRIMADAYA PLASTISINDO
PEGE,PT Panca Global Kapital Tbk.,DEVELOPMENT,PANCA GLOBAL KAPITAL|PANCA GLOBAL
PEHA,PT Phapros Tbk,DEVELOPMENT,PHAPROS
PEVE,PT Penta Valent Tbk,DEVELOPMENT,PENTA VALENT
PGAS,PT Perusahaan Gas Negara (Persero) Tbk,MAIN,PERUSAHAAN GAS NEGARA
PGEO,PT Pertamina Geothermal Energy Tbk,MAIN,PERTAMINA GEOTHERMAL ENERGY|PERTAMINA GEOTHERMAL
PGJO,PT Bahtera Bumi Raya Tbk,WATCHLIST,BAHTERA BUMI RAYA|BAHTERA BUMI
PGLI,Pembangunan Graha Lestari Indah Tbk,DEVELOPMENT,PEMBANGUNAN GRAHA LESTARI INDAH
PGUN,PT Pradiksi Gunatama Tbk,DEVELOPMENT,PRADIKSI GUNATAMA
PICO,Pelangi Indah Canindo Tbk,DEVELOPMENT,PELANGI INDAH CANINDO|PELANGI INDAH
PIPA,PT Multi Makmur Lemindo Tbk.,DEVELOPMENT,MULTI MAKMUR LEMINDO|MAKMUR LEMINDO
PJAA,Pembangunan Jaya Ancol Tbk,DEVELOPMENT,PEMBANGUNAN JAYA ANCOL
PJHB,PT Pelayaran Jaya Hidup Baru Tbk,DEVELOPMENT,PELAYARAN JAYA HIDUP BARU|PELAYARAN JAYA
PKPK,Paragon Karya Perkasa Tbk,DEVELOPMENT,PARAGON KARYA PERKASA|PARAGON KARYA
PLAN,PT Planet Properindo Jaya Tbk,ACCELERATION,PLANET PROPERINDO JAYA|PLANET PROPERINDO
PLAS,Polaris Investama Tbk,WATCHLIST,POLARIS INVESTAMA
PLIN,Plaza Indonesia Realty Tbk,WATCHLIST,PLAZA INDONESIA REALTY|PLAZA INDONESIA
PMJS,PT Putra Mandiri Jembar Tbk,DEVELOPMENT,PUTRA MANDIRI JEMBAR|MANDIRI JEMBAR
PMMP,PT Panca Mitra Multiperdana Tbk.,WATCHLIST,PANCA MITRA MULTIPERDANA|PANCA MITRA
PMUI,PT Prima Multi Usaha Indonesia Tbk,DEVELOPMENT,PRIMA MULTI USAHA INDONESIA|MULTI USAHA INDONESIA
PNBN,Bank Pan Indonesia Tbk,MAIN,BANK PAN INDONESIA|PAN INDONESIA
PNBS,PT Bank Panin Dubai Syariah Tbk.,DEVELOPMENT,BANK PANIN DUBAI SYARIAH|PANIN DUBAI SYARIAH
PNGO,PT Pinago Utama Tbk,DEVELOPMENT,PINAGO UTAMA
PNIN,Paninvest Tbk,MAIN,PANINVEST
PNLF,Panin Financial Tbk,MAIN,PANIN FINANCIAL
PNSE,Pudjiadi & Sons Tbk,DEVELOPMENT,PUDJIADI SONS
POLA,PT Pool Advista Finance Tbk.,DEVELOPMENT,POOL ADVISTA FINANCE
POLI,PT Pollux Hotels Group Tbk,DEVELOPMENT,POLLUX HOTELS GROUP|POLLUX HOTELS
POLL,PT Pollux Properties Indonesia Tbk.,WATCHLIST,POLLUX PROPERTIES INDONESIA|POLLUX PROPERTIES
POLU,PT Golden Flower Tbk.,DEVELOPMENT,GOLDEN FLOWER
POLY,Asia Pacific Fibers Tbk,WATCHLIST,ASIA PACIFIC FIBERS|PACIFIC FIBERS
POOL,Pool Advista Indonesia Tbk,WATCHLIST,POOL ADVISTA INDONESIA
PORT,PT Nusantara Pelabuhan Handal Tbk.,MAIN,NUSANTARA PELABUHAN HANDAL|NUSANTARA PELABUHAN|PELABUHAN HANDAL
POSA,PT Bliss Properti Indonesia Tbk.,WATCHLIST,BLISS PROPERTI INDONESIA|BLISS PROPERTI
POWR,PT Cikarang Listrindo Tbk.,MAIN,CIKARANG LISTRINDO
PPGL,PT Prima Globalindo Logistik Tbk.,ACCELERATION,PRIMA GLOBALINDO LOGISTIK|GLOBALINDO LOGISTIK|PRIMA GLOBALINDO
PPRE,PT PP Presisi Tbk.,DEVELOPMENT,
PPRI,PT Paperocks Indonesia Tbk.,DEVELOPMENT,PAPEROCKS INDONESIA
PPRO,PT PP Properti Tbk.,WATCHLIST,
PRAY,PT Famon Awal Bros Sedaya Tbk,MAIN,FAMON AWAL BROS SEDAYA|FAMON AWAL
PRDA,PT Prodia Widyahusada Tbk.,MAIN,PRODIA WIDYAHUSADA
PRIM,PT Royal Prima Tbk.,DEVELOPMENT,ROYAL PRIMA
PSAB,J RESOURCES ASIA PASIFIK Tbk,DEVELOPMENT,J RESOURCES ASIA PASIFIK
PSAT,PT Pancaran Samudera Transport Tbk,DEVELOPMENT,PANCARAN SAMUDERA TRANSPORT|PANCARAN SAMUDERA
PSDN,Prasidha Aneka Niaga Tbk,DEVELOPMENT,PRASIDHA ANEKA NIAGA|PRASIDHA ANEKA
PSGO,PT Palma Serasih Tbk.,MAIN,PALMA SERASIH
PSKT,PT Red Planet Indonesia Tbk,DEVELOPMENT,RED PLANET INDONESIA|RED PLANET
PSSI,PT IMC Pelita Logistik Tbk,MAIN,IMC PELITA LOGISTIK|IMC PELITA
PTBA,PT Bukit Asam (Persero) Tbk,MAIN,BUKIT ASAM
PTDU,PT Djasa Ubersakti Tbk,WATCHLIST,DJASA UBERSAKTI
PTIS,Indo Straits Tbk,DEVELOPMENT,INDO STRAITS
PTMP,PT Mitra Pack Tbk.,DEVELOPMENT,MITRA PACK
PTMR,PT Master Print Tbk,WATCHLIST,MASTER PRINT
PTPP,PP (Persero) Tbk,MAIN,
PTPS,PT Pulau Subur Tbk.,DEVELOPMENT,PULAU SUBUR
PTPW,PT Pratama Widya Tbk.,DEVELOPMENT,PRATAMA WIDYA
PTRO,Petrosea Tbk,MAIN,PETROSEA
PTSN,Sat Nusapersada Tbk,DEVELOPMENT,SAT NUSAPERSADA
PTSP,Pioneerindo Gourmet International Tbk,DEVELOPMENT,PIONEERINDO GOURMET INTERNATIONAL|PIONEERINDO GOURMET
PUDP,Pudjiadi Prestige Tbk,DEVELOPMENT,PUDJIADI PRESTIGE
PURA,PT Putra Rajawali Kencana Tbk.,WATCHLIST,PUTRA RAJAWALI KENCANA|RAJAWALI KENCANA|PUTRA RAJAWALI
PURE,PT Trinitan Metals and Minerals Tbk,WATCHLIST,TRINITAN METALS AND MINERALS|TRINITAN METALS
PURI,PT Puri Global Sukses Tbk,DEVELOPMENT,PURI GLOBAL SUKSES|PURI GLOBAL
PWON,Pakuwon Jati Tbk,MAIN,PAKUWON JATI
PYFA,PT Pyridam Farma Tbk,DEVELOPMENT,PYRIDAM FARMA
PZZA,PT Sarimelati Kencana Tbk.,DEVELOPMENT,SARIMELATI KENCANA
RAAM,PT Tripar Multivision Plus Tbk.,MAIN,TRIPAR MULTIVISION PLUS|TRIPAR MULTIVISION
RAFI,PT Sari Kreasi Boga Tbk,WATCHLIST,SARI KREASI BOGA|SARI KREASI
RAJA,Rukun Raharja Tbk,MAIN,RUKUN RAHARJA
RALS,Ramayana Lestari Sentosa Tbk,MAIN,RAMAYANA LESTARI SENTOSA|RAMAYANA LESTARI
RANC,Supra Boga Lestari Tbk,DEVELOPMENT,SUPRA BOGA LESTARI|SUPRA BOGA
RATU,PT Raharja Energi Cepu Tbk,DEVELOPMENT,RAHARJA ENERGI CEPU|RAHARJA ENERGI
RBMS,Ristia Bintang Mahkotasejati Tbk,DEVELOPMENT,RISTIA BINTANG MAHKOTASEJATI|RISTIA BINTANG
RCCC,PT Utama Radar Cahaya Tbk,ACCELERATION,UTAMA RADAR CAHAYA|RADAR CAHAYA|UTAMA RADAR
RDTX,Roda Vivatex Tbk,DEVELOPMENT,RODA VIVATEX
REAL,PT Repower Asia Indonesia Tbk.,DEVELOPMENT,REPOWER ASIA INDONESIA|REPOWER ASIA
RELF,PT Graha Mitra Asia Tbk.,ACCELERATION,GRAHA MITRA ASIA|GRAHA MITRA
RELI,Reliance Sekuritas Indonesia Tbk,DEVELOPMENT,RELIANCE SEKURITAS INDONESIA|RELIANCE SEKURITAS
RGAS,PT Kian Santang Muliatama Tbk.,DEVELOPMENT,KIAN SANTANG MULIATAMA|KIAN SANTANG
RICY,Ricky Putra Globalindo Tbk,DEVELOPMENT,RICKY PUTRA GLOBALINDO|RICKY PUTRA
RIGS,Rig Tenders Tbk,DEVELOPMENT,RIG TENDERS
RIMO,PT Rimo International Lestari Tbk.,WATCHLIST,RIMO INTERNATIONAL LESTARI|RIMO INTERNATIONAL
RISE,PT Jaya Sukses Makmur Sentosa Tbk.,DEVELOPMENT,
RLCO,PT Abadi Lestari Indonesia Tbk,DEVELOPMENT,
RMKE,PT RMK Energy Tbk,MAIN,RMK ENERGY
RMKO,PT Royaltama Mulia Kontraktorindo Tbk.,DEVELOPMENT,ROYALTAMA MULIA KONTRAKTORINDO|ROYALTAMA MULIA
ROCK,PT Rockfields Properti Indonesia Tbk.,DEVELOPMENT,ROCKFIELDS PROPERTI INDONESIA|ROCKFIELDS PROPERTI
RODA,Pikko Land Development Tbk,DEVELOPMENT,PIKKO LAND DEVELOPMENT|PIKKO LAND
RONY,PT Aracord Nusantara Group Tbk,DEVELOPMENT,ARACORD NUSANTARA GROUP|ARACORD NUSANTARA
ROTI,PT Nippon Indosari Corpindo Tbk,DEVELOPMENT,NIPPON INDOSARI CORPINDO|NIPPON INDOSARI
RSCH,PT Charlie Hospital Semarang Tbk.,DEVELOPMENT,CHARLIE HOSPITAL SEMARANG|CHARLIE HOSPITAL
RSGK,PT Kedoya Adyaraya Tbk,DEVELOPMENT,KEDOYA ADYARAYA
RUIS,Radiant Utama Interinsco Tbk,DEVELOPMENT,RADIANT UTAMA INTERINSCO|RADIANT UTAMA
RUNS,PT Global Sukses Solusi Tbk,ACCELERATION,
SAFE,Steady Safe Tbk,DEVELOPMENT,STEADY SAFE
SAGE,PT Saptausaha Gemilangindah Tbk,WATCHLIST,SAPTAUSAHA GEMILANGINDAH
SAME,Sarana Meditama Metropolitan Tbk,MAIN,SARANA MEDITAMA METROPOLITAN|MEDITAMA METROPOLITAN|SARANA MEDITAMA
SAMF,PT Saraswanti Anugerah Makmur Tbk.,MAIN,SARASWANTI ANUGERAH MAKMUR|SARASWANTI ANUGERAH
SAPX,PT Satria Antaran Prima Tbk.,DEVELOPMENT,SATRIA ANTARAN PRIMA|SATRIA ANTARAN
SATU,PT Kota Satu Properti Tbk.,DEVELOPMENT,KOTA SATU PROPERTI|KOTA SATU
SBAT,PT Sejahtera Bintang Abadi Textile Tbk.,WATCHLIST,SEJAHTERA BINTANG ABADI TEXTILE|BINTANG ABADI TEXTILE
SBMA,PT Surya Biru Murni Acetylene Tbk,DEVELOPMENT,SURYA BIRU MURNI ACETYLENE|SURYA BIRU
SCCO,PT Supreme Cable Manufacturing & Commerce Tbk,DEVELOPMENT,SUPREME CABLE MANUFACTURING COMMERCE|SUPREME CABLE
SCMA,Surya Citra Media Tbk,MAIN,SURYA CITRA MEDIA|SURYA CITRA
SCNP,PT Selaras Citra Nusantara Perkasa Tbk,DEVELOPMENT,SELARAS CITRA NUSANTARA PERKASA|SELARAS CITRA
SCPI,PT Organon Pharma Indonesia Tbk,WATCHLIST,ORGANON PHARMA INDONESIA|ORGANON PHARMA
SDMU,Sidomulyo Selaras Tbk,DEVELOPMENT,SIDOMULYO SELARAS
SDPC,Millennium Pharmacon International Tbk,DEVELOPMENT,MILLENNIUM PHARMACON INTERNATIONAL|MILLENNIUM PHARMACON
SDRA,PT Bank Woori Saudara Indonesia 1906 Tbk,DEVELOPMENT,BANK WOORI SAUDARA INDONESIA 1906|WOORI SAUDARA INDONESIA 1906
SEMA,PT Semacom Integrated Tbk,DEVELOPMENT,SEMACOM INTEGRATED
SFAN,PT Surya Fajar Capital Tbk,DEVELOPMENT,SURYA FAJAR CAPITAL|SURYA FAJAR
SGER,PT Sumber Global Energy Tbk.,MAIN,
SGRO,PT Prime Agri Resources Tbk,MAIN,PRIME AGRI RESOURCES|PRIME AGRI
SHID,Hotel Sahid Jaya Tbk,DEVELOPMENT,HOTEL SAHID JAYA
SHIP,PT Sillo Maritime Perdana Tbk,MAIN,SILLO MARITIME PERDANA|SILLO MARITIME
SICO,PT Sigma Energy Compressindo Tbk,DEVELOPMENT,SIGMA ENERGY COMPRESSINDO|SIGMA ENERGY
SIDO,PT Industri Jamu Dan Farmasi Sido Muncul Tbk,MAIN,INDUSTRI JAMU DAN FARMASI SIDO MUNCUL|JAMU DAN FARMASI SIDO MUNCUL
SILO,PT Siloam International Hospitals Tbk.,MAIN,SILOAM INTERNATIONAL HOSPITALS|SILOAM INTERNATIONAL
SIMA,Siwani Makmur Tbk,WATCHLIST,SIWANI MAKMUR
SIMP,Salim Ivomas Pratama Tbk,MAIN,SALIM IVOMAS PRATAMA|SALIM IVOMAS
SINI,PT Singaraja Putra Tbk.,WATCHLIST,SINGARAJA PUTRA
SIPD,PT Sreeya Sewu Indonesia Tbk,DEVELOPMENT,SREEYA SEWU INDONESIA|SREEYA SEWU
SKBM,Sekar Bumi Tbk,DEVELOPMENT,SEKAR BUMI
SKLT,Sekar Laut Tbk,DEVELOPMENT,SEKAR LAUT
SKRN,PT Superkrane Mitra Utama Tbk,MAIN,SUPERKRANE MITRA UTAMA|SUPERKRANE MITRA
SKYB,PT Northcliff Citranusa Indonesia Tbk.,WATCHLIST,NORTHCLIFF CITRANUSA INDONESIA|NORTHCLIFF CITRANUSA
SLIS,PT Gaya Abadi Sempurna Tbk,DEVELOPMENT,GAYA ABADI SEMPURNA|GAYA ABADI
SMAR,PT Sinar Mas Agro Resources and Technology Tbk,MAIN,SINAR MAS AGRO RESOURCES AND TECHNOLOGY
SMBR,PT Semen Baturaja (Persero) Tbk,MAIN,SEMEN BATURAJA
SMCB,PT Solusi Bangun Indonesia Tbk,WATCHLIST,
SMDM,Suryamas Dutamakmur Tbk,DEVELOPMENT,SURYAMAS DUTAMAKMUR
SMDR,Samudera Indonesia Tbk,MAIN,SAMUDERA INDONESIA
SMGA,PT Sumber Mineral Global Abadi Tbk,DEVELOPMENT,SUMBER MINERAL GLOBAL ABADI|MINERAL GLOBAL ABADI|SUMBER MINERAL
SMGR,Semen Indonesia (Persero) Tbk,MAIN,SEMEN INDONESIA
SMIL,PT Sarana Mitra Luas Tbk,MAIN,SARANA MITRA LUAS|MITRA LUAS
SMKL,PT Satyamitra Kemas Lestari Tbk,DEVELOPMENT,SATYAMITRA KEMAS LESTARI|SATYAMITRA KEMAS
SMKM,PT Sumber Mas Konstruksi Tbk,ACCELERATION,SUMBER MAS KONSTRUKSI|MAS KONSTRUKSI|SUMBER MAS
SMLE,PT Sinergi Multi Lestarindo Tbk,DEVELOPMENT,SINERGI MULTI LESTARINDO|SINERGI MULTI
SMMA,PT Sinar Mas Multiartha Tbk,DEVELOPMENT,SINAR MAS MULTIARTHA
SMMT,GOLDEN EAGLE ENERGY Tbk,DEVELOPMENT,GOLDEN EAGLE ENERGY|GOLDEN EAGLE
SMRA,PT Summarecon Agung Tbk,MAIN,SUMMARECON AGUNG
SMRU,SMR Utama Tbk,WATCHLIST,SMR UTAMA
SMSM,Selamat Sempurna Tbk,MAIN,SELAMAT SEMPURNA
SNLK,PT Sunter Lakeside Hotel Tbk.,DEVELOPMENT,SUNTER LAKESIDE HOTEL|SUNTER LAKESIDE
SOCI,PT Soechi Lines Tbk.,DEVELOPMENT,SOECHI LINES
SOFA,PT Solusi Environment Asia Tbk,ACCELERATION,SOLUSI ENVIRONMENT ASIA|SOLUSI ENVIRONMENT|ENVIRONMENT ASIA
SOHO,PT Soho Global Health Tbk,DEVELOPMENT,SOHO GLOBAL HEALTH|SOHO GLOBAL
SOLA,PT Xolare RCR Energy Tbk,DEVELOPMENT,XOLARE RCR ENERGY|XOLARE RCR
SONA,Sona Topas Tourism Industry Tbk,DEVELOPMENT,SONA TOPAS TOURISM INDUSTRY|SONA TOPAS
SOSS,PT Shield On Service Tbk.,WATCHLIST,SHIELD ON SERVICE
SOTS,PT Satria Mega Kencana Tbk.,DEVELOPMENT,SATRIA MEGA KENCANA|SATRIA MEGA
SOUL,PT Mitra Tirta Buwana Tbk,ACCELERATION,MITRA TIRTA BUWANA|TIRTA BUWANA|MITRA TIRTA
SPMA,Suparma Tbk,DEVELOPMENT,SUPARMA
SPRE,PT Soraya Berjaya Indonesia Tbk,ACCELERATION,SORAYA BERJAYA INDONESIA|SORAYA BERJAYA
SPTO,PT Surya Pertiwi Tbk,MAIN,SURYA PERTIWI
SQMI,Wilton Makmur Indonesia Tbk,WATCHLIST,WILTON MAKMUR INDONESIA|WILTON MAKMUR
SRAJ,Sejahteraraya Anugrahjaya Tbk,DEVELOPMENT,SEJAHTERARAYA ANUGRAHJAYA
SRIL,PT Sri Rejeki Isman Tbk,WATCHLIST,SRI REJEKI ISMAN|SRI REJEKI
SRSN,Indo Acidatama Tbk,DEVELOPMENT,INDO ACIDATAMA
SRTG,PT Saratoga Investama Sedaya Tbk.,MAIN,SARATOGA INVESTAMA SEDAYA|SARATOGA INVESTAMA
SSIA,PT Surya Semesta Internusa Tbk,MAIN,SURYA SEMESTA INTERNUSA|SURYA SEMESTA
SSMS,PT Sawit Sumbermas Sarana Tbk.,MAIN,SAWIT SUMBERMAS SARANA|SAWIT SUMBERMAS
SSTM,Sunson Textile Manufacturer Tbk,DEVELOPMENT,SUNSON TEXTILE MANUFACTURER|SUNSON TEXTILE
STAA,PT Sumber Tani Agung Resources Tbk,MAIN,SUMBER TANI AGUNG RESOURCES|TANI AGUNG RESOURCES|SUMBER TANI
STAR,PT Calculus Global Ventures Tbk,DEVELOPMENT,CALCULUS GLOBAL VENTURES|CALCULUS GLOBAL
STRK,PT Lovina Beach Brewery Tbk.,DEVELOPMENT,LOVINA BEACH BREWERY|LOVINA BEACH
STTP,PT Siantar Top Tbk,DEVELOPMENT,SIANTAR TOP
SUGI,Sugih Energy Tbk,WATCHLIST,SUGIH ENERGY
SULI,PT SLJ Global Tbk,DEVELOPMENT,SLJ GLOBAL
SUNI,PT Sunindo Pratama Tbk,MAIN,SUNINDO PRATAMA
SUPA,PT Super Bank Indonesia Tbk,DEVELOPMENT,SUPER BANK INDONESIA|SUPER BANK
SUPR,Solusi Tunas Pratama Tbk,WATCHLIST,SOLUSI TUNAS PRATAMA|TUNAS PRATAMA|SOLUSI TUNAS
SURE,PT Super Energy Tbk.,DEVELOPMENT,SUPER ENERGY
SURI,PT Maja Agung Latexindo Tbk.,DEVELOPMENT,MAJA AGUNG LATEXINDO|MAJA AGUNG
SWAT,PT Sriwahana Adityakarta Tbk.,WATCHLIST,SRIWAHANA ADITYAKARTA
SWID,PT Saraswanti Indoland Development Tbk,DEVELOPMENT,SARASWANTI INDOLAND DEVELOPMENT|SARASWANTI INDOLAND
TALF,PT Tunas Alfin Tbk,DEVELOPMENT,TUNAS ALFIN
TAMA,PT Lancartama Sejati Tbk.,DEVELOPMENT,LANCARTAMA SEJATI
TAMU,PT Pelayaran Tamarin Samudra Tbk.,WATCHLIST,PELAYARAN TAMARIN SAMUDRA|PELAYARAN TAMARIN
TAPG,PT Triputra Agro Persada Tbk.,MAIN,TRIPUTRA AGRO PERSADA|TRIPUTRA AGRO
TARA,PT Agung Semesta Sejahtera Tbk,WATCHLIST,AGUNG SEMESTA SEJAHTERA|SEMESTA SEJAHTERA|AGUNG SEMESTA
TAXI,Express Transindo Utama Tbk,WATCHLIST,EXPRESS TRANSINDO UTAMA|EXPRESS TRANSINDO
TAYS,PT Jaya Swarasa Agung Tbk,DEVELOPMENT,JAYA SWARASA AGUNG|SWARASA AGUNG|JAYA SWARASA
TBIG,PT Tower Bersama Infrastructure Tbk,MAIN,TOWER BERSAMA INFRASTRUCTURE|TOWER BERSAMA
TBLA,Tunas Baru Lampung Tbk,MAIN,TUNAS BARU LAMPUNG|TUNAS BARU
TBMS,Tembaga Mulia Semanan Tbk,DEVELOPMENT,TEMBAGA MULIA SEMANAN|TEMBAGA MULIA
TCID,Mandom Indonesia Tbk,DEVELOPMENT,MANDOM INDONESIA
TCPI,PT Transcoal Pacific Tbk.,DEVELOPMENT,TRANSCOAL PACIFIC
TDPM,PT Tianrong Chemicals Industry Tbk,WATCHLIST,TIANRONG CHEMICALS INDUSTRY|TIANRONG CHEMICALS
TEBE,PT Dana Brata Luhur Tbk.,MAIN,DANA BRATA LUHUR
TECH,PT Indosterling Technomedia Tbk,WATCHLIST,INDOSTERLING TECHNOMEDIA
TELE,PT Omni Inovasi Indonesia Tbk,WATCHLIST,OMNI INOVASI INDONESIA|OMNI INOVASI
TFAS,PT Telefast Indonesia Tbk.,DEVELOPMENT,TELEFAST INDONESIA
TFCO,Tifico Fiber Indonesia Tbk,WATCHLIST,TIFICO FIBER INDONESIA|TIFICO FIBER
TGKA,Tigaraksa Satria Tbk,DEVELOPMENT,TIGARAKSA SATRIA
TGRA,PT Terregra Asia Energy,WATCHLIST,TERREGRA ASIA ENERGY|TERREGRA ASIA
TGUK,PT Platinum Wahab Nusantara Tbk.,WATCHLIST,PLATINUM WAHAB NUSANTARA|PLATINUM WAHAB
TIFA,KDB Tifa Finance Tbk,DEVELOPMENT,KDB TIFA FINANCE|KDB TIFA
TINS,PT TIMAH (Persero) Tbk,MAIN,TIMAH
TIRA,Tira Austenite Tbk,DEVELOPMENT,TIRA AUSTENITE
TIRT,Tirta Mahakam Resources Tbk,WATCHLIST,TIRTA MAHAKAM RESOURCES|TIRTA MAHAKAM
TKIM,Pabrik Kertas Tjiwi Kimia Tbk,MAIN,PABRIK KERTAS TJIWI KIMIA
TLDN,PT Teladan Prima Agro Tbk,MAIN,TELADAN PRIMA AGRO|TELADAN PRIMA
TLKM,PT Telkom Indonesia (Persero) Tbk,MAIN,TELKOM INDONESIA
TMAS,PT Temas Tbk.,MAIN,TEMAS
TMPO,Tempo Inti Media Tbk,DEVELOPMENT,TEMPO INTI MEDIA|TEMPO INTI
TNCA,PT Trimuda Nuansa Citra Tbk.,DEVELOPMENT,TRIMUDA NUANSA CITRA|TRIMUDA NUANSA
TOBA,PT TBS Energi Utama Tbk,MAIN,TBS ENERGI UTAMA|TBS ENERGI
TOOL,PT Rohartindo Nusantara Luas Tbk,DEVELOPMENT,ROHARTINDO NUSANTARA LUAS|ROHARTINDO NUSANTARA
TOPS,PT Totalindo Eka Persada Tbk.,WATCHLIST,TOTALINDO EKA PERSADA|TOTALINDO EKA
TOSK,PT Topindo Solusi Komunika Tbk.,DEVELOPMENT,TOPINDO SOLUSI KOMUNIKA|TOPINDO SOLUSI
TOTL,Total Bangun Persada Tbk,MAIN,TOTAL BANGUN PERSADA|TOTAL BANGUN
TOTO,Surya Toto Indonesia Tbk,MAIN,SURYA TOTO INDONESIA|SURYA TOTO
TOWR,Sarana Menara Nusantara Tbk,MAIN,SARANA MENARA NUSANTARA|MENARA NUSANTARA|SARANA MENARA
TOYS,PT Sunindo Adipersada Tbk.,WATCHLIST,SUNINDO ADIPERSADA
TPIA,PT Chandra Asri Pacific Tbk,MAIN,CHANDRA ASRI PACIFIC|CHANDRA ASRI
TPMA,Trans Power Marine Tbk,MAIN,TRANS POWER MARINE|TRANS POWER
TRAM,Trada Alam Minera Tbk.,WATCHLIST,TRADA ALAM MINERA|TRADA ALAM
TRGU,PT Cerestar Indonesia Tbk,MAIN,CERESTAR INDONESIA
TRIL,Triwira Insanlestari Tbk,WATCHLIST,TRIWIRA INSANLESTARI
TRIM,PT Trimegah Sekuritas Indonesia Tbk,MAIN,TRIMEGAH SEKURITAS INDONESIA|TRIMEGAH SEKURITAS
TRIN,PT Perintis Triniti Properti Tbk,DEVELOPMENT,PERINTIS TRINITI PROPERTI|PERINTIS TRINITI
TRIO,Trikomsel Oke Tbk,WATCHLIST,TRIKOMSEL OKE
TRIS,Trisula International Tbk,DEVELOPMENT,TRISULA INTERNATIONAL
TRJA,PT Transkon Jaya Tbk.,DEVELOPMENT,TRANSKON JAYA
TRON,PT Teknologi Karya Digital Nusa Tbk.,DEVELOPMENT,TEKNOLOGI KARYA DIGITAL NUSA|TEKNOLOGI KARYA
TRST,Trias Sentosa Tbk,DEVELOPMENT,TRIAS SENTOSA
TRUE,PT Triniti Dinamik Tbk,DEVELOPMENT,TRINITI DINAMIK
TRUK,PT Guna Timur Raya Tbk.,DEVELOPMENT,GUNA TIMUR RAYA|GUNA TIMUR
TRUS,Trust Finance Indonesia Tbk,DEVELOPMENT,TRUST FINANCE INDONESIA|TRUST FINANCE
TSPC,Tempo Scan Pacific Tbk,MAIN,TEMPO SCAN PACIFIC|TEMPO SCAN
TUGU,PT Asuransi Tugu Pratama Indonesia Tbk,MAIN,ASURANSI TUGU PRATAMA INDONESIA|TUGU PRATAMA INDONESIA
TYRE,PT King Tire Indonesia Tbk.,DEVELOPMENT,KING TIRE INDONESIA|KING TIRE
UANG,PT Pakuan Tbk,DEVELOPMENT,PAKUAN
UCID,PT Uni-Charm Indonesia Tbk.,MAIN,UNI CHARM INDONESIA|UNI CHARM
UDNG,PT Agro Bahari Nusantara Tbk,ACCELERATION,AGRO BAHARI NUSANTARA|BAHARI NUSANTARA|AGRO BAHARI
UFOE,PT Damai Sejahtera Abadi Tbk,DEVELOPMENT,DAMAI SEJAHTERA ABADI|DAMAI SEJAHTERA
ULTJ,PT Ultrajaya Milk Industry & Trading Company Tbk,MAIN,ULTRAJAYA MILK INDUSTRY TRADING COMPANY|ULTRAJAYA MILK
UNIC,Unggul Indah Cahaya Tbk,MAIN,UNGGUL INDAH CAHAYA|UNGGUL INDAH
UNIQ,PT Ulima Nitra Tbk,DEVELOPMENT,ULIMA NITRA
UNIT,Nusantara Inti Corpora Tbk,DEVELOPMENT,NUSANTARA INTI CORPORA|INTI CORPORA
UNSP,Bakrie Sumatera Plantations Tbk,WATCHLIST,BAKRIE SUMATERA PLANTATIONS|BAKRIE SUMATERA
UNTD,PT Terang Dunia Internusa Tbk.,DEVELOPMENT,TERANG DUNIA INTERNUSA|TERANG DUNIA
UNTR,United Tractors Tbk,MAIN,UNITED TRACTORS
UNVR,Unilever Indonesia Tbk,MAIN,UNILEVER INDONESIA
URBN,PT Urban Jakarta Propertindo Tbk.,WATCHLIST,URBAN JAKARTA PROPERTINDO|URBAN JAKARTA
UVCR,PT Trimegah Karya Pratama Tbk.,DEVELOPMENT,TRIMEGAH KARYA PRATAMA|TRIMEGAH KARYA
VAST,PT Vastland Indonesia Tbk,DEVELOPMENT,VASTLAND INDONESIA
VERN,PT Verona Indah Pictures Tbk,DEVELOPMENT,VERONA INDAH PICTURES|VERONA INDAH
VICI,PT Victoria Care Indonesia Tbk,MAIN,VICTORIA CARE INDONESIA|VICTORIA CARE
VICO,PT Victoria Investama Tbk.,MAIN,VICTORIA INVESTAMA
VINS,PT Victoria Insurance Tbk.,DEVELOPMENT,VICTORIA INSURANCE
VISI,PT Satu Visi Putra Tbk.,DEVELOPMENT,SATU VISI PUTRA|SATU VISI
VIVA,PT Visi Media Asia Tbk,WATCHLIST,VISI MEDIA ASIA|VISI MEDIA
VKTR,PT VKTR Teknologi Mobilitas Tbk,DEVELOPMENT,VKTR TEKNOLOGI MOBILITAS|VKTR TEKNOLOGI
VOKS,Voksel Electric Tbk,DEVELOPMENT,VOKSEL ELECTRIC
VRNA,PT Mizuho Leasing Indonesia Tbk,DEVELOPMENT,MIZUHO LEASING INDONESIA|MIZUHO LEASING
VTNY,PT Venteny Fortuna International Tbk,DEVELOPMENT,VENTENY FORTUNA INTERNATIONAL|VENTENY FORTUNA
WAPO,Wahana Pronatural Tbk,DEVELOPMENT,WAHANA PRONATURAL
WBSA,PT BSA Logistics Indonesia Tbk,DEVELOPMENT,BSA LOGISTICS INDONESIA|BSA LOGISTICS
WEGE,PT Wijaya Karya Bangunan Gedung Tbk.,DEVELOPMENT,WIJAYA KARYA BANGUNAN GEDUNG
WEHA,PT WEHA Transportasi Indonesia Tbk,DEVELOPMENT,WEHA TRANSPORTASI INDONESIA|WEHA TRANSPORTASI
WGSH,PT Wira Global Solusi Tbk,ACCELERATION,WIRA GLOBAL SOLUSI|WIRA GLOBAL
WICO,Wicaksana Overseas International Tbk,WATCHLIST,WICAKSANA OVERSEAS INTERNATIONAL|WICAKSANA OVERSEAS
WIDI,PT Widiant Jaya Krenindo Tbk.,ACCELERATION,WIDIANT JAYA KRENINDO|WIDIANT JAYA
WIFI,PT Solusi Sinergi Digital Tbk,DEVELOPMENT,SOLUSI SINERGI DIGITAL|SINERGI DIGITAL|SOLUSI SINERGI
WIIM,Wismilak Inti Makmur Tbk,MAIN,WISMILAK INTI MAKMUR|WISMILAK INTI
WIKA,PT Wijaya Karya (Persero) Tbk,WATCHLIST,
WINE,PT Hatten Bali Tbk,DEVELOPMENT,HATTEN BALI
WINR,PT Winner Nusantara Jaya Tbk,WATCHLIST,WINNER NUSANTARA JAYA|WINNER NUSANTARA
WINS,Wintermar Offshore Marine Tbk,MAIN,WINTERMAR OFFSHORE MARINE|WINTERMAR OFFSHORE
WIRG,PT WIR ASIA Tbk,DEVELOPMENT,WIR ASIA
WMPP,PT Widodo Makmur Perkasa Tbk,WATCHLIST,WIDODO MAKMUR PERKASA
WMUU,PT Widodo Makmur Unggas Tbk,DEVELOPMENT,WIDODO MAKMUR UNGGAS
WOMF,PT Wahana Ottomitra Multiartha Tbk,DEVELOPMENT,WAHANA OTTOMITRA MULTIARTHA|WAHANA OTTOMITRA
WOOD,PT Integra Indocabinet Tbk,MAIN,INTEGRA INDOCABINET
WOWS,PT Ginting Jaya Energi Tbk,DEVELOPMENT,GINTING JAYA ENERGI|GINTING JAYA
WSBP,PT Waskita Beton Precast Tbk.,WATCHLIST,WASKITA BETON PRECAST|WASKITA BETON
WSKT,PT Waskita Karya (Persero) Tbk,WATCHLIST,WASKITA KARYA
WTON,Wijaya Karya Beton,MAIN,WIJAYA KARYA BETON
YELO,PT Yelooo Integra Datanet Tbk.,DEVELOPMENT,YELOOO INTEGRA DATANET|YELOOO INTEGRA
YOII,PT Asuransi Digital Bersama Tbk,DEVELOPMENT,
YPAS,Yanaprima Hastapersada Tbk,DEVELOPMENT,YANAPRIMA HASTAPERSADA
YULE,Yulie Sekuritas Indonesia Tbk,DEVELOPMENT,YULIE SEKURITAS INDONESIA|YULIE SEKURITAS
YUPI,PT Yupi Indo Jelly Gum Tbk,MAIN,YUPI INDO JELLY GUM|YUPI INDO
ZATA,PT Bersama Zatta Jaya Tbk,DEVELOPMENT,BERSAMA ZATTA JAYA|BERSAMA ZATTA|ZATTA JAYA
ZBRA,PT Dosni Roha Indonesia Tbk,WATCHLIST,DOSNI ROHA INDONESIA|DOSNI ROHA
ZINC,PT Kapuas Prima Coal Tbk,WATCHLIST,KAPUAS PRIMA COAL|KAPUAS PRIMA
ZONE,PT Mega Perintis Tbk.,DEVELOPMENT,MEGA PERINTIS
ZYRX,PT Zyrexindo Mandiri Buana Tbk,DEVELOPMENT,ZYREXINDO MANDIRI BUANA|ZYREXINDO MANDIRI
